89,262,93,83.71
80,1925,66,192.67
55,1858,3,319.14
98,1903,57,24.56
25,92,7,381.59
61,1399,84,373.96
26,461,84,174.54
99,1271,30,226.48
57,363,30,338.03
31,462,30,399.06
38,201,85,325.5
71,540,53,211.29
96,1764,92,141.57
13,163,71,26.82
12,1909,24,181.58
75,129,47,241.72
44,1892,99,104.63
53,1196,23,207.95
97,84,51,323.7
43,1299,36,293.89
92,852,90,132.15
42,907,46,145.63
68,484,68,366.5
42,435,46,184.92
29,967,33,240.35
44,1932,52,104.0
88,25,16,68.64
55,339,38,419.35
40,1073,74,77.7
47,316,52,446.18
59,1270,50,57.44
45,1869,51,430.07
52,1001,94,159.17
96,299,9,311.8
57,1549,71,496.09
10,701,3,481.44
6,617,86,423.09
74,1143,52,353.0
80,531,93,37.73
93,1146,43,437.46
65,1561,55,308.72
27,721,20,92.52
27,1713,33,54.24
60,526,62,114.48
52,664,27,287.42
7,1272,28,205.58
94,527,7,470.73
33,522,91,253.84
70,1037,24,475.46
47,714,94,76.01
24,920,15,46.18
58,1322,13,469.67
81,1488,13,496.36
89,1557,20,234.26
30,346,35,424.23
80,462,83,178.54
64,1863,83,218.6
32,757,89,480.57
22,135,74,372.09
80,225,36,447.18
8,339,30,451.91
13,327,94,479.93
28,1925,86,205.28
39,740,85,62.18
14,1356,86,244.51
56,1173,68,193.36
13,1284,57,439.77
70,664,98,179.14
51,1927,33,264.52
83,1923,98,72.4
41,1483,100,454.91
47,1798,29,288.57
18,1752,2,426.82
27,767,33,440.73
90,629,68,338.72
15,1789,23,132.63
15,402,40,202.94
28,1607,77,200.32
42,738,37,345.85
24,1681,28,257.68
40,1664,67,35.47
7,1679,50,49.49
24,45,49,232.91
90,1198,40,235.1
21,1814,47,7.32
30,1058,94,487.72
18,600,6,104.19
2,1347,86,213.65
84,996,84,250.78
71,354,66,330.26
42,796,86,493.15
19,500,17,256.28
78,244,84,152.09
60,1526,57,318.33
23,1663,5,164.53
46,914,52,261.23
72,1852,39,146.17
61,1350,53,196.63
66,1165,52,262.36
57,291,66,358.73
92,80,31,285.57
43,71,38,167.75
14,1041,100,269.75
58,873,34,184.06
8,1117,30,337.77
38,1221,31,164.74
99,1766,5,40.28
3,1438,23,69.13
48,208,48,171.62
86,961,51,129.26
6,747,92,196.34
62,453,13,195.72
84,1265,91,12.69
38,1022,3,331.8
78,200,11,395.93
92,670,61,404.04
37,175,19,392.31
20,795,62,287.13
89,1123,77,185.7
11,1432,6,410.41
45,1124,5,77.43
1,1242,92,295.08
14,404,78,146.11
96,1952,38,43.19
82,1691,76,487.89
31,649,5,242.73
96,810,34,289.62
92,677,50,21.88
84,1993,47,34.17
55,103,9,92.25
66,250,38,77.87
41,732,88,328.0
12,1248,40,200.68
51,942,57,184.48
20,234,25,368.37
66,1928,7,36.49
72,1258,59,165.55
49,799,18,344.94
94,936,97,371.51
96,253,32,24.16
63,1465,7,158.57
90,1355,47,175.6
97,1530,53,180.57
73,345,89,354.61
25,1739,57,161.79
15,1748,18,377.57
69,1045,54,381.34
54,1212,3,238.46
36,120,84,201.42
67,1506,92,305.37
63,296,18,289.7
14,1978,93,441.84
71,1382,83,81.4
12,1868,1,294.5
0,1670,6,169.03
81,1647,70,125.23
36,75,42,263.19
13,1625,87,457.28
76,1020,22,306.05
89,772,21,136.45
48,1340,83,298.6
57,796,30,132.18
97,1919,73,463.01
50,1174,49,407.76
81,1090,2,486.7
88,1351,64,268.22
42,1077,53,379.43
84,135,1,173.56
90,1816,69,92.7
82,1287,16,356.84
73,1339,44,14.34
55,482,35,188.4
20,531,63,419.52
81,310,19,291.86
41,807,84,487.75
1,930,14,114.77
84,665,73,449.0
32,592,14,266.43
30,843,94,24.8
19,1482,87,216.24
21,1924,12,275.31
54,518,64,12.95
68,1714,73,481.31
13,427,72,275.46
57,931,94,397.14
58,1638,35,13.83
36,365,72,442.87
10,1328,83,105.23
90,1544,91,177.45
8,778,66,133.99
66,347,26,250.29
11,657,51,42.1
37,879,48,382.45
93,1337,58,352.27
29,1074,45,27.8
19,771,62,53.89
55,705,18,346.6
77,1902,22,443.5
4,1169,79,446.66
22,84,51,25.5
39,1622,94,130.31
9,158,71,85.88
1,566,82,165.06
88,827,28,415.88
14,1854,30,462.97
59,517,38,438.43
73,1367,28,330.85
97,1111,53,398.35
32,1858,77,391.87
99,1452,85,41.77
93,852,29,435.75
73,485,82,426.96
82,1239,66,216.49
30,884,62,486.2
31,1804,16,281.95
50,1411,81,405.92
59,733,10,165.68
96,237,51,231.5
92,26,44,343.6
33,773,10,58.2
83,1362,9,67.43
40,90,46,170.28
42,1892,53,98.15
63,502,42,245.1
86,1061,37,168.59
34,14,84,408.37
68,438,16,258.7
89,217,26,163.93
68,1607,97,395.71
43,1242,32,150.35
67,688,2,42.8
9,618,93,461.24
18,1715,24,349.57
92,680,64,283.75
37,63,72,45.31
38,20,96,363.22
27,1260,22,61.51
88,805,79,403.61
92,350,82,310.01
82,163,70,421.71
39,1329,93,415.2
19,1751,25,284.41
51,480,25,64.37
29,1767,70,450.3
38,556,80,38.56
85,1989,57,104.15
3,1540,12,223.07
10,1242,80,436.6
20,1349,34,227.06
98,1313,16,106.74
34,795,84,382.16
56,1154,6,313.54
91,1942,12,44.64
38,1972,88,355.39
93,1830,69,249.34
77,1816,84,149.37
79,461,85,405.12
15,240,46,477.61
83,650,40,137.06
88,1999,86,284.76
51,1549,13,416.48
68,653,28,429.96
54,100,11,55.67
47,1902,30,326.68
37,256,1,309.19
2,1408,68,381.75
38,888,42,359.6
32,896,35,375.92
49,1907,88,378.92
33,1278,60,367.16
69,358,98,383.4
73,97,12,348.49
59,72,53,382.06
23,349,76,261.26
53,1783,57,109.67
86,1310,29,271.91
88,952,46,481.65
11,1054,7,22.83
34,478,52,198.04
29,1034,87,440.98
52,1415,36,49.72
13,437,81,384.72
33,675,64,176.14
5,1572,9,71.35
52,818,15,69.63
51,760,17,463.96
92,1057,57,366.93
76,1321,59,59.64
79,1490,33,260.7
26,1783,52,234.06
70,779,14,299.64
18,1709,6,78.04
45,1475,68,330.89
39,1960,50,51.37
39,1069,23,376.46
62,1694,39,266.52
73,1167,53,45.18
13,677,67,395.72
86,1905,97,117.66
85,637,65,375.75
89,131,58,224.01
81,325,53,309.0
38,689,35,430.25
25,1650,17,288.22
61,708,26,283.72
16,660,88,391.79
58,1574,87,180.15
32,1911,43,209.9
97,427,55,53.21
31,1326,41,306.45
54,1070,20,89.51
70,1557,65,370.45
4,1165,44,345.64
92,246,16,250.79
45,1726,46,299.17
89,46,51,89.47
29,48,43,489.68
96,1944,79,345.22
63,1509,25,300.86
44,829,45,234.81
79,596,56,22.73
75,1376,43,130.76
86,406,79,118.77
51,243,79,342.18
50,1932,32,195.77
75,1675,51,249.64
79,53,5,289.53
13,788,1,200.09
60,360,50,104.0
45,468,94,177.38
76,1764,54,341.96
91,282,10,131.18
0,231,82,131.72
63,1637,15,162.44
96,1925,7,53.39
31,556,47,436.62
57,292,96,442.81
76,1839,97,440.3
35,1743,19,217.93
7,1765,11,275.08
61,562,55,365.4
87,874,48,7.88
55,1482,34,238.75
22,515,56,81.02
20,174,78,279.6
24,585,8,190.79
58,290,5,235.5
81,526,27,400.15
2,1656,80,143.6
84,1547,92,288.41
52,942,97,91.26
49,863,88,295.05
86,332,28,181.02
46,1927,22,351.38
85,1242,48,257.59
2,1,30,175.83
56,977,96,79.68
33,232,78,30.84
19,1241,76,410.18
11,270,25,342.41
68,1116,64,259.4
99,1567,54,34.59
42,22,70,144.91
51,292,86,152.62
58,1072,11,314.91
26,1873,12,122.67
4,1445,24,395.96
53,671,48,283.86
5,122,83,464.05
43,1577,45,141.8
39,1755,86,49.65
5,1634,3,270.85
93,1768,89,241.74
53,3,88,68.29
6,8,6,181.92
16,1472,23,324.36
23,884,88,203.73
57,1996,4,363.75
59,625,65,88.68
95,639,39,492.61
80,29,30,389.64
49,803,95,57.46
40,1825,13,425.0
6,1290,6,479.19
63,1846,35,130.81
26,1044,94,47.85
46,1738,66,223.84
97,988,20,226.27
11,1468,73,51.81
8,1641,8,38.76
1,880,11,429.07
36,1896,96,203.6
47,780,89,463.32
33,66,63,104.22
93,414,66,390.9
37,1983,84,94.03
39,1669,80,135.91
29,462,85,85.58
49,120,6,217.67
75,1095,68,317.89
70,646,56,485.75
46,60,68,437.99
19,151,23,257.33
62,1224,12,10.11
84,1693,21,219.96
2,647,36,236.88
58,1699,32,223.36
79,1469,1,339.04
21,648,84,90.55
78,1202,10,340.75
12,1906,69,167.89
77,418,20,44.55
27,1416,38,307.04
32,208,24,305.86
23,13,96,130.22
11,1726,33,269.98
27,466,31,157.92
89,935,29,105.4
49,1976,63,331.34
32,1988,6,131.0
79,566,45,322.58
31,1721,99,114.87
20,72,24,25.22
99,1009,17,342.69
20,1487,45,446.22
60,518,77,50.13
86,199,25,239.2
68,1240,69,427.76
63,448,64,171.17
50,488,12,123.8
90,1581,66,88.88
70,1790,88,353.88
27,199,41,63.0
76,1875,95,223.11
34,982,70,216.01
86,551,26,446.67
53,746,44,160.11
11,1271,39,101.72
55,564,15,139.95
27,1769,43,76.39
30,1033,62,439.36
85,1304,4,81.41
58,484,100,387.24
15,1017,14,11.05
72,1874,63,131.4
80,210,18,408.12
2,263,59,195.14
54,614,58,137.31
85,485,31,466.01
23,1557,29,69.11
18,106,4,468.45
83,505,35,176.13
70,1524,65,84.55
11,739,72,444.64
79,215,89,82.15
93,1082,91,423.28
80,413,28,307.51
55,786,85,498.96
42,286,63,169.4
66,1543,25,189.97
80,581,15,111.95
0,368,93,70.71
76,1733,78,499.17
24,252,100,178.67
86,1129,16,249.63
62,337,40,419.32
2,1471,40,125.94
53,195,98,411.13
77,404,65,452.65
91,1392,21,453.87
77,553,47,401.34
62,946,7,110.85
44,1119,22,445.4
94,1766,95,92.06
93,422,34,484.97
14,1340,45,165.01
85,1472,33,215.99
52,902,38,149.7
5,132,59,151.73
76,785,83,447.57
73,1148,79,409.1
93,26,46,414.58
40,895,94,449.49
57,1258,63,462.03
23,1300,47,459.54
56,418,40,405.45
68,1655,18,205.63
45,511,36,111.78
83,382,30,141.92
74,1059,96,332.66
32,1686,57,306.04
34,1518,31,327.48
45,694,39,89.37
18,395,21,131.75
27,1151,59,376.46
42,224,38,421.15
52,98,6,10.42
40,12,92,450.95
9,544,86,277.33
65,364,89,31.4
97,1905,34,428.08
4,967,36,60.89
90,672,22,216.22
4,929,15,226.02
60,678,85,251.04
89,154,78,362.42
31,1215,6,336.43
95,1890,37,444.36
66,1577,10,449.3
20,775,73,286.47
0,189,62,150.78
98,839,34,343.19
43,1400,18,151.2
77,601,81,231.85
8,1676,76,357.05
76,1634,64,24.64
27,456,66,474.19
28,1363,83,315.56
94,999,28,429.3
82,832,88,383.45
69,1809,10,361.35
54,1178,21,345.69
54,1243,33,266.0
12,474,30,381.84
10,1589,41,227.73
45,924,92,497.39
96,896,80,5.96
11,310,93,317.46
13,669,99,406.19
65,1463,86,71.9
79,1079,86,166.71
28,144,37,390.59
0,1612,95,384.31
97,201,25,330.6
82,1847,48,72.27
19,1802,6,62.62
10,1722,1,307.11
4,1882,16,336.45
40,1916,21,343.63
55,713,97,403.4
3,1030,13,273.38
37,1259,52,223.75
82,700,94,324.58
58,1785,66,147.3
55,66,71,468.07
78,585,92,405.67
15,1251,48,475.47
64,829,4,431.52
0,447,30,145.76
86,798,48,399.13
38,910,94,328.84
54,1024,70,386.9
93,343,70,115.75
89,1622,85,463.81
85,331,81,323.5
78,704,39,341.0
42,400,14,25.5
46,925,91,43.58
89,1892,28,376.49
86,72,70,195.35
59,1088,53,455.49
4,939,1,18.34
82,1840,66,304.72
83,979,82,78.43
19,1734,77,69.75
38,1033,26,336.81
82,140,18,460.09
56,577,80,125.35
69,1548,46,384.62
76,429,56,144.57
80,1203,53,388.9
42,932,75,19.56
33,813,33,65.4
83,968,29,408.1
48,1329,95,482.45
46,775,48,396.89
62,75,12,13.45
37,87,21,360.71
25,1578,84,433.05
17,1989,74,388.48
17,1557,11,202.2
13,47,67,413.33
35,673,21,433.18
67,905,89,446.49
46,378,21,46.1
32,474,1,372.94
20,1700,88,309.72
28,909,27,5.89
89,1579,28,120.74
1,246,16,209.85
7,1060,55,121.44
29,1456,81,224.03
13,1902,62,293.76
3,1810,68,68.09
26,980,35,334.05
29,828,87,278.71
81,348,9,498.93
44,1401,34,407.5
47,1435,29,173.21
59,486,62,287.87
23,1778,95,70.92
41,76,17,295.7
22,260,42,37.45
79,536,11,232.53
65,722,37,146.94
26,578,19,66.29
43,413,51,402.62
79,1843,56,121.91
37,850,32,28.08
80,831,71,105.32
65,423,19,340.82
13,1175,99,166.96
42,1782,15,328.15
83,1648,4,194.5
78,1967,46,357.07
91,307,68,393.91
21,990,100,358.09
71,1020,40,322.29
2,923,34,481.07
0,857,30,497.1
90,1482,22,390.79
11,830,30,475.07
61,886,83,92.27
45,1401,42,246.97
83,438,1,387.78
31,1124,61,361.37
67,1428,73,471.63
17,279,40,67.95
88,49,50,489.16
88,606,90,119.67
21,14,31,128.7
98,1914,46,422.84
97,1139,62,152.51
95,798,28,232.93
59,1068,70,365.57
5,1505,93,43.22
31,456,31,330.33
17,624,90,126.64
2,1582,81,118.58
26,70,46,110.04
14,1342,46,163.62
2,1063,93,392.01
77,951,30,446.52
46,864,97,66.23
66,1184,67,349.25
11,412,39,330.1
19,780,59,493.32
5,826,44,430.01
33,1829,33,479.62
87,1915,24,214.75
0,29,49,302.29
30,431,28,14.09
17,90,42,216.13
27,1364,32,177.67
38,1215,52,47.54
64,1460,79,8.96
50,1191,38,104.43
79,1204,78,148.41
22,48,97,443.6
99,1828,23,261.68
11,1581,22,171.69
51,353,80,357.43
91,609,39,379.44
88,668,35,140.71
45,1986,22,405.53
28,954,86,191.71
45,1177,48,460.35
60,197,96,172.82
11,1868,24,134.12
46,909,33,306.13
44,1649,30,194.8
94,391,93,43.81
19,1046,79,496.07
41,1815,24,259.47
51,1387,54,310.23
15,169,93,190.41
84,1817,22,486.43
42,1512,61,482.07
74,875,97,92.98
97,1613,16,123.05
39,189,24,160.01
28,1277,55,410.29
27,1191,25,463.74
41,383,12,397.17
90,311,3,72.7
78,1711,37,36.89
0,1534,62,42.53
92,1633,98,82.78
73,1340,79,481.62
88,1336,76,460.21
1,1125,8,12.82
81,390,88,288.57
90,1640,5,324.2
36,1803,91,27.45
79,1341,23,69.09
35,441,75,389.04
99,703,91,440.88
38,1977,48,465.17
68,904,78,116.47
33,1995,28,317.17
54,101,84,346.06
45,188,1,271.95
82,725,4,45.6
46,1788,8,5.18
98,656,37,410.59
1,840,3,384.55
3,1461,65,51.16
12,1289,68,47.78
56,122,71,53.96
70,483,25,219.21
61,318,63,65.33
67,931,70,238.93
89,1692,55,460.01
26,822,44,51.17
21,1319,7,356.55
55,1550,67,318.12
59,1131,9,206.03
74,1125,56,486.64
61,90,62,378.66
76,359,49,32.74
24,634,40,358.16
93,1068,89,277.73
90,1454,61,197.01
19,1791,7,69.78
89,1100,83,36.64
17,1569,30,169.55
55,1750,2,385.82
73,94,42,296.29
98,1587,2,119.2
2,62,31,385.56
3,51,57,104.13
7,1253,6,203.62
87,58,63,449.56
98,876,8,321.28
86,1450,21,212.61
44,1260,47,261.1
7,379,49,412.09
90,1442,91,493.2
51,1411,56,332.93
72,1124,75,350.39
79,1313,22,163.87
55,888,71,414.35
22,1613,18,454.59
77,1080,12,323.63
42,1313,48,281.12
55,1421,64,215.93
8,636,21,353.59
16,712,27,147.17
80,1357,44,234.05
56,1044,30,149.79
15,25,6,322.39
49,1458,84,151.69
9,915,81,58.32
68,1774,61,376.91
22,1779,19,166.0
3,1181,31,375.46
66,149,55,10.85
79,60,30,178.16
61,841,79,355.21
26,1377,28,479.39
26,929,33,391.86
99,445,6,205.95
41,1796,6,16.81
92,925,15,228.18
35,412,5,164.5
58,355,90,201.16
32,526,62,452.12
64,1803,34,301.29
49,1431,79,34.84
60,852,50,7.08
74,1105,33,378.21
9,17,95,159.31
85,1692,33,470.53
55,1824,97,342.05
72,199,24,110.27
15,5,57,165.04
9,1625,21,491.48
81,133,99,333.79
95,1661,87,250.18
68,1336,26,211.41
10,1394,16,240.38
94,693,10,49.85
32,1287,14,218.0
56,1882,89,280.48
59,153,93,273.63
59,1688,35,151.95
90,448,66,484.38
38,1671,33,21.68
95,1038,8,451.57
98,1475,46,201.6
79,1094,67,460.54
12,101,57,248.43
49,312,98,233.32
20,1152,70,133.22
57,1621,92,76.33
80,949,57,134.91
72,1413,10,437.72
94,731,32,442.69
86,408,51,240.46
76,1312,8,74.46
61,1955,68,250.47
47,1036,15,446.87
38,1969,31,205.13
46,114,52,447.57
47,1772,19,85.61
22,706,25,407.29
72,1502,9,419.98
80,756,86,19.08
35,549,26,33.98
56,92,7,389.33
80,36,46,297.82
89,372,59,106.65
79,733,34,132.19
74,443,88,199.38
18,462,71,288.61
94,1949,12,134.85
80,1011,84,140.38
21,1503,85,344.91
11,485,25,17.21
83,764,93,317.29
83,1530,5,327.59
80,1999,72,326.69
66,1966,14,70.72
64,1395,84,35.79
11,246,6,451.59
60,901,69,259.48
23,1809,44,243.99
81,677,99,17.65
15,1551,100,211.05
64,81,17,366.91
86,355,85,5.94
24,1175,7,16.54
39,58,49,69.26
74,1747,67,40.32
70,431,99,182.1
9,768,60,272.02
73,389,100,131.42
41,1058,46,360.0
56,972,13,308.26
92,1631,88,309.66
19,1117,77,277.93
34,195,72,482.36
43,692,86,308.23
31,1062,61,277.1
8,288,3,24.8
68,773,24,464.33
36,1230,88,388.0
33,1301,67,90.03
5,1705,94,479.37
15,1860,25,170.55
46,619,19,449.33
20,1547,30,146.37
71,817,19,467.17
53,1623,89,170.73
6,659,32,475.24
0,1042,60,158.0
78,13,26,130.6
93,927,73,370.59
43,1112,40,204.94
45,674,32,300.73
2,595,55,354.1
70,1407,91,450.75
54,726,38,182.5
65,513,19,173.86
9,1228,37,140.81
23,742,79,137.27
56,807,66,111.6
35,1154,47,52.33
34,190,80,441.41
72,1995,53,497.14
15,1147,2,343.33
68,252,49,410.56
86,1022,43,136.03
46,904,21,280.03
97,588,27,497.79
67,1144,19,268.96
36,1247,12,206.88
82,1617,11,428.67
28,225,16,155.79
37,1847,59,174.51
97,1350,11,492.6
29,1045,48,260.72
88,1013,99,334.4
20,1830,81,30.98
46,1117,27,116.82
58,1516,46,416.36
58,1844,95,20.03
86,1535,72,375.82
42,499,66,6.29
64,1236,74,388.89
42,1881,33,454.19
68,1849,36,307.95
75,795,65,158.58
60,225,22,215.76
11,976,5,341.36
40,1469,59,218.21
56,734,33,378.03
92,1935,99,468.61
15,1780,88,454.97
74,1744,35,82.58
44,1497,25,35.03
20,215,7,395.65
1,54,17,83.61
97,800,56,398.34
86,388,91,110.14
23,338,13,272.11
86,37,12,5.91
62,138,30,463.88
27,795,68,190.9
17,1129,76,366.58
85,848,31,162.77
86,1833,42,436.5
87,359,36,115.78
98,1084,16,100.2
90,1037,24,121.16
23,4,10,242.83
38,90,13,153.11
72,244,93,380.82
10,1339,74,299.87
44,689,46,431.15
32,234,71,264.09
60,702,16,61.12
12,1874,6,129.35
64,1253,74,350.0
43,996,93,130.2
61,319,75,282.29
54,494,18,121.7
57,1700,2,300.92
96,1578,54,438.89
19,395,5,171.14
66,695,19,110.67
81,757,77,184.72
34,1974,93,174.7
10,304,10,406.26
86,10,66,490.34
64,1231,7,315.24
26,1521,22,183.55
57,745,83,22.37
16,79,38,429.43
66,74,52,302.37
46,505,38,458.12
75,856,69,248.57
27,815,89,146.19
28,1707,5,35.64
70,1400,76,61.49
97,987,82,22.83
38,580,61,234.04
78,1357,43,7.87
58,1401,32,39.24
84,575,82,66.26
30,1394,49,33.87
91,1754,34,98.78
94,422,83,280.56
5,683,21,71.86
18,496,58,201.32
73,503,7,325.36
23,1069,39,179.44
29,714,87,394.69
17,924,58,450.79
66,1959,14,22.6
49,1991,79,454.25
76,1111,7,325.58
43,1407,62,262.41
6,1347,80,334.06
74,32,64,48.9
50,1460,23,158.99
58,1426,19,363.69
38,679,50,286.02
64,73,42,417.01
68,1885,68,99.02
33,1173,62,230.0
78,390,42,180.47
87,931,72,113.38
72,1306,23,37.97
17,1052,24,491.95
62,57,30,151.44
43,1530,21,176.41
38,101,61,211.24
40,1548,8,84.14
69,1563,66,349.41
40,763,15,481.65
0,1471,70,97.7
20,1032,58,417.55
34,1462,44,201.63
73,1857,12,103.4
42,1496,9,458.35
34,1573,21,134.44
55,18,48,350.64
46,1732,84,135.58
38,503,49,36.45
72,208,15,144.17
16,288,67,153.86
78,1794,40,22.95
0,988,94,224.57
17,479,51,443.58
85,1500,85,43.86
70,762,26,49.47
61,688,23,362.4
38,1379,37,382.95
17,481,44,309.07
39,1478,7,318.29
96,1961,52,64.29
0,684,44,46.02
87,1033,5,244.51
92,1961,81,431.0
6,1687,25,362.22
70,477,47,113.59
16,1990,95,190.84
88,1534,81,67.83
60,381,98,471.1
31,1865,82,89.54
78,495,82,267.56
56,985,15,392.68
49,25,79,171.31
76,1703,74,26.86
65,1238,69,312.25
46,149,62,250.91
58,753,30,483.46
28,1628,93,266.18
52,1838,91,28.32
1,104,83,398.51
16,1544,88,485.26
73,1068,55,416.28
73,788,29,181.03
73,807,52,427.26
26,528,73,302.02
46,1057,67,162.18
98,197,86,170.79
30,1978,32,451.73
10,733,89,371.57
39,129,96,100.0
66,399,54,82.05
64,1663,47,120.64
68,1953,22,105.03
95,369,9,355.59
3,1793,39,488.96
19,1925,43,68.81
50,558,6,473.07
38,529,41,478.05
78,832,23,275.59
72,59,4,435.72
5,1273,92,17.58
85,840,91,424.38
67,1414,16,13.41
68,1846,29,30.57
82,332,6,319.44
27,1613,8,146.62
77,1410,87,496.94
83,1271,6,320.22
35,39,24,397.51
88,1927,90,256.98
16,383,2,210.65
2,551,37,479.79
11,1870,76,210.27
78,432,23,38.45
35,366,53,354.99
48,667,40,212.15
84,1958,67,95.05
65,827,16,368.92
83,83,32,152.27
67,107,39,436.5
3,453,34,161.46
13,658,22,319.68
51,338,82,148.21
22,1534,82,76.33
1,354,47,373.58
30,1070,20,442.06
86,1769,17,376.45
7,1471,64,345.18
46,452,94,251.26
87,473,65,44.01
73,1129,9,278.99
59,714,59,30.69
74,709,3,496.62
17,1924,19,382.47
63,1735,59,414.54
96,371,67,404.52
71,122,49,193.33
22,1751,90,347.11
87,441,81,415.08
37,1221,47,200.9
59,1335,1,468.46
36,993,50,208.39
74,941,48,259.5
93,157,34,416.38
44,763,94,276.81
31,1697,96,451.95
40,1144,57,131.5
14,124,8,33.05
28,828,51,447.67
50,1288,10,391.9
26,400,100,257.89
29,702,65,197.15
89,1719,43,126.06
54,1669,58,179.93
58,578,88,221.55
69,1281,21,36.85
8,1588,45,144.42
42,1887,1,107.87
4,1529,85,112.33
54,1967,98,488.21
31,395,81,367.19
67,1518,2,41.61
24,1909,44,236.16
39,1465,37,146.78
19,1387,75,110.73
27,1616,88,373.79
57,508,37,344.14
86,1345,11,108.25
4,1848,6,351.48
48,468,91,241.98
63,1701,82,302.78
76,1966,42,114.73
50,159,85,246.01
71,1661,31,497.8
73,1142,52,212.03
90,1404,86,153.94
79,321,25,21.52
35,933,76,242.29
42,954,25,95.25
35,1433,36,42.81
70,895,78,129.24
47,1338,93,38.22
15,656,49,210.28
61,50,96,469.58
40,1332,95,125.02
7,6,46,400.5
37,365,78,125.44
22,1239,45,294.08
55,1588,48,302.13
85,344,67,406.14
35,840,43,72.07
91,373,67,113.73
93,1273,44,424.05
35,1759,74,467.66
64,1468,22,224.99
0,1391,14,29.23
32,891,97,160.25
47,1742,18,151.08
20,112,60,45.46
78,932,45,50.36
30,1254,87,250.27
56,1703,47,457.28
36,1650,77,278.88
4,1359,34,495.47
93,1150,83,444.23
75,860,18,318.38
22,318,7,463.79
65,957,61,232.72
22,477,38,468.79
69,35,29,61.54
74,743,98,490.41
23,718,97,312.44
84,1990,48,352.34
55,648,22,297.81
60,1296,49,200.01
70,473,46,330.34
91,1545,52,127.98
55,902,98,452.44
32,1244,24,279.87
85,1728,78,64.02
91,1288,82,331.54
63,538,53,357.11
61,176,77,51.47
95,1536,77,296.91
36,1232,56,35.37
45,840,97,192.63
50,1543,54,351.75
92,984,28,16.15
29,778,20,468.34
34,1160,76,72.99
65,34,3,445.04
43,1136,7,353.91
24,1021,63,148.39
32,454,87,479.66
41,1690,34,132.77
61,1836,97,224.44
1,949,31,116.65
20,1435,57,326.11
11,1899,86,90.94
74,814,87,329.5
56,895,78,304.2
88,1314,74,440.74
74,1770,59,74.28
50,702,96,184.77
59,276,4,34.24
24,1105,14,249.5
69,1034,66,341.47
61,1841,38,53.93
90,478,41,142.77
14,1543,79,185.79
85,1707,24,444.89
40,1974,92,200.28
82,1622,16,138.4
42,179,17,324.09
43,1759,30,187.49
70,12,17,347.23
79,692,25,258.9
1,1662,6,496.8
94,1488,64,323.17
10,874,90,379.33
22,23,22,74.91
31,1607,58,100.32
64,318,74,333.7
6,651,35,364.63
19,1467,9,180.87
84,1538,33,141.9
31,1144,11,70.11
23,537,47,315.91
0,1028,84,159.46
19,745,90,366.22
25,1345,8,465.14
97,1293,59,263.86
4,1613,6,441.41
42,1146,65,138.43
73,1060,46,204.47
17,36,88,82.43
10,1724,90,162.64
52,1242,19,16.78
8,572,70,188.33
69,1322,58,34.28
62,1416,72,462.11
64,112,23,68.38
62,510,88,485.89
87,23,29,464.71
82,1430,91,399.71
30,808,52,112.16
45,1997,39,397.57
10,651,18,448.83
90,304,45,477.94
97,271,85,418.76
95,975,72,211.17
14,1259,15,187.52
96,1721,6,342.84
64,198,62,321.6
83,536,73,341.82
31,1161,54,371.02
13,80,24,260.63
25,923,32,171.87
25,100,35,465.95
51,1647,72,480.0
25,419,65,6.65
65,322,25,57.83
1,818,19,328.15
12,1768,68,159.6
80,1313,8,376.46
5,1172,96,235.62
8,967,69,180.38
84,1080,47,164.56
16,31,43,142.02
65,40,28,91.2
84,1750,31,300.68
17,1167,67,300.76
63,465,69,250.78
74,672,52,317.0
72,1356,37,162.1
13,667,64,367.79
24,1154,56,331.39
34,1151,74,128.89
30,511,26,310.04
31,1520,56,331.36
40,1180,18,231.19
55,106,74,490.41
61,913,23,227.53
73,259,16,53.09
8,1226,12,89.3
48,304,7,457.52
67,405,99,72.59
99,1286,100,33.08
41,1235,15,164.08
42,433,8,35.76
3,1614,33,15.41
84,904,29,122.52
86,422,29,23.92
33,924,63,406.94
37,559,12,339.42
55,1134,10,334.4
80,541,71,482.27
94,3,22,192.13
42,1007,55,336.4
8,1677,26,254.35
39,577,33,183.48
20,116,43,462.19
97,822,74,454.38
70,401,65,233.36
60,1966,91,93.52
40,568,56,475.89
4,359,17,295.79
87,673,14,366.62
37,389,79,386.75
0,1842,90,303.93
54,1781,88,40.68
93,534,33,449.64
15,559,27,124.94
13,1584,38,348.23
32,25,33,67.54
80,304,100,193.85
57,1899,43,73.39
65,352,31,497.88
25,697,69,210.13
31,726,37,67.63
36,1211,93,300.94
13,1066,16,450.35
19,1809,11,192.91
19,959,42,79.75
45,1795,98,247.84
53,122,31,434.4
95,1300,6,160.0
62,970,16,310.81
28,79,6,261.22
13,626,9,103.83
36,1528,74,57.66
10,1221,15,193.03
29,420,36,206.6
95,365,37,285.73
9,1257,52,196.66
46,1657,1,114.21
3,520,61,177.06
48,1829,89,249.2
42,1657,77,471.27
95,1276,71,93.77
11,799,37,217.79
82,1800,74,162.06
14,209,29,120.02
35,1716,14,264.85
83,1475,52,267.78
46,404,5,325.66
58,1633,28,222.68
76,1519,21,171.23
12,625,64,182.01
50,524,23,13.46
37,1083,30,416.4
77,1158,93,240.49
38,1000,85,353.76
13,1833,81,333.28
8,600,71,102.1
9,157,22,58.77
59,521,91,14.64
72,45,7,35.15
53,1135,42,304.04
48,65,65,244.94
6,1149,93,128.21
56,135,20,475.6
7,1366,25,443.69
53,132,6,114.27
4,474,7,134.42
29,1887,21,285.65
13,337,60,321.14
17,990,95,297.15
71,1913,47,284.39
80,1275,4,56.98
52,1859,50,399.1
63,825,76,489.56
53,930,80,383.97
32,7,11,474.46
95,482,11,396.33
4,220,17,81.27
64,368,76,311.59
10,1858,15,198.31
56,1255,43,138.52
64,673,62,432.36
92,10,14,224.87
53,369,48,288.49
79,1814,40,406.12
40,1763,7,15.35
97,1276,63,94.6
60,527,78,7.78
54,508,85,27.86
54,777,63,12.67
2,1642,19,11.32
17,685,39,28.8
88,1309,4,223.25
61,460,38,103.99
41,440,59,279.93
53,1190,84,156.04
72,881,97,411.13
53,811,81,128.54
44,270,16,235.47
22,1627,59,193.0
87,1004,85,51.38
27,1581,48,343.03
10,847,70,19.95
96,159,62,130.68
97,600,56,484.88
72,1393,88,222.45
95,546,80,455.41
54,617,28,349.83
10,1174,7,113.3
4,208,46,347.33
31,1365,19,37.33
70,172,71,77.42
76,1584,23,397.49
70,1655,21,100.93
57,129,70,317.88
77,1767,1,235.41
58,1542,24,312.17
24,1766,56,372.53
10,1537,39,462.9
60,1153,1,86.92
87,1886,13,227.15
56,21,44,480.91
99,1386,44,82.89
71,1905,93,183.74
76,1908,85,136.58
96,285,10,466.4
87,1925,27,388.61
25,608,29,215.23
35,1864,16,336.33
20,1343,12,346.74
9,306,93,480.91
36,1113,4,409.68
53,1773,85,45.74
30,1708,65,244.65
89,585,57,274.48
68,1937,26,327.12
53,1903,85,496.9
22,1755,74,151.4
41,1529,68,158.2
18,1555,15,315.61
57,1049,33,488.46
29,330,31,274.13
36,1231,45,375.69
23,710,61,241.97
58,829,15,41.36
50,1298,23,130.59
50,900,72,384.71
45,1157,31,258.46
42,137,94,146.43
92,689,26,43.63
52,494,26,378.64
97,1353,56,196.68
3,1507,85,202.91
51,710,39,28.45
2,1801,33,490.26
35,1357,30,165.72
9,971,17,158.46
79,1539,33,114.79
74,560,72,337.9
8,1435,13,32.74
10,767,65,465.97
99,1189,90,163.76
21,221,77,437.23
25,740,92,188.07
55,991,21,204.74
30,1647,44,206.13
54,728,14,162.66
40,1480,36,106.28
27,313,7,127.69
0,76,90,305.13
42,1464,93,448.46
11,875,93,373.69
25,1680,90,50.17
86,1008,46,48.52
54,805,9,32.1
83,1768,94,131.84
12,297,47,490.95
14,1548,47,242.89
57,1162,69,415.59
89,521,100,170.1
32,943,9,462.11
56,1344,64,483.91
99,1063,62,126.4
72,294,42,408.77
22,1478,38,339.47
52,1281,58,200.33
78,890,88,8.13
62,438,79,62.52
96,1485,48,160.43
4,1171,44,288.23
37,1824,43,466.88
22,263,98,313.18
85,1480,80,359.11
7,748,1,459.91
57,702,53,448.11
67,1553,75,337.81
54,600,12,254.4
90,580,68,224.79
69,1784,61,464.93
18,101,53,288.48
1,395,9,463.52
90,1941,14,20.52
30,1617,31,375.64
29,513,36,469.19
10,734,48,100.36
60,1108,95,442.27
68,567,3,16.66
62,810,2,390.03
91,569,100,138.35
3,1663,59,394.78
0,140,72,84.26
96,1655,3,371.8
42,896,73,343.67
30,1999,41,98.75
8,128,66,204.9
38,1632,98,385.58
42,1133,38,325.36
20,1835,99,400.52
41,1859,95,498.35
63,323,78,208.66
24,930,30,444.4
71,471,65,6.84
20,1261,45,69.86
45,1449,9,438.94
99,698,11,496.29
98,1042,28,273.48
84,1442,20,362.01
59,398,42,38.93
30,1623,36,20.92
17,1754,54,14.82
28,23,47,242.89
5,1630,76,334.56
28,857,11,413.17
17,1584,25,416.82
83,585,18,478.18
69,329,84,243.6
43,717,71,460.25
29,801,90,21.61
87,1759,67,387.5
3,470,67,488.08
93,1050,15,55.5
99,836,37,292.56
65,1157,43,221.04
22,889,8,80.48
40,802,23,484.53
37,873,84,150.58
48,490,85,98.3
35,1835,36,226.65
11,1092,36,346.06
99,683,13,61.05
10,1282,12,30.63
85,1534,79,60.37
95,196,56,479.25
21,1796,47,391.15
72,1134,74,410.83
83,489,46,376.62
31,1476,54,151.0
9,1512,41,232.71
98,1343,27,69.88
21,363,30,436.31
52,1957,33,130.52
7,247,99,293.28
31,1737,83,7.77
91,126,67,369.28
16,1688,85,449.61
89,620,62,77.25
64,1357,77,469.51
95,13,80,391.62
72,1778,33,102.11
86,699,41,22.55
2,1438,78,185.03
6,1870,78,131.86
12,1061,96,92.31
73,821,44,373.98
96,1747,10,282.33
76,350,60,353.01
60,721,41,286.1
33,1322,62,347.24
83,1734,50,290.78
25,704,44,347.14
46,354,2,18.65
24,125,91,497.64
38,1307,80,29.6
92,1913,80,467.71
47,180,93,282.99
57,1093,13,93.74
5,1109,75,468.86
63,423,34,347.11
68,1005,5,199.08
30,1402,18,240.14
50,1479,21,312.64
52,451,93,105.26
51,711,97,118.09
85,1074,76,359.63
9,1890,64,172.72
77,1015,38,465.74
6,1528,52,384.99
11,1821,60,94.48
87,859,59,100.77
60,1130,88,433.84
67,206,48,37.16
95,1722,20,42.56
83,106,99,7.21
46,1095,7,122.86
84,504,78,484.19
94,1239,10,398.8
27,1875,89,273.02
54,1234,46,300.79
0,872,15,230.29
75,1002,29,408.89
38,755,1,84.48
4,1724,14,18.57
38,263,13,425.83
92,39,98,125.84
79,1689,24,383.19
49,887,17,454.53
13,1546,99,123.43
57,645,72,171.85
93,419,55,177.87
38,986,58,154.38
94,31,45,448.85
41,1200,65,221.42
7,1169,57,14.19
17,1016,25,109.48
76,583,23,304.47
85,1698,34,330.7
93,1287,4,414.2
81,1208,20,369.23
60,340,71,44.53
96,1018,24,26.76
69,1337,12,149.53
37,1065,87,357.09
29,1510,23,49.2
43,1492,61,369.89
77,1511,92,491.54
74,1406,55,48.53
55,1735,23,362.17
14,955,30,441.21
41,389,40,415.92
5,1304,35,210.75
1,1640,85,207.08
99,518,78,321.11
1,163,40,30.51
3,1310,37,352.52
32,487,92,82.57
86,481,77,234.07
43,1336,39,146.12
94,829,17,305.53
78,1858,91,84.91
8,1842,60,82.29
20,1388,83,273.87
31,471,52,133.85
88,1692,66,248.31
98,327,17,318.35
7,1214,28,429.26
4,1891,60,438.71
1,661,86,199.24
95,57,98,130.61
49,876,97,208.89
70,226,26,293.11
54,474,85,376.67
8,341,90,212.3
52,460,95,195.93
71,1470,65,491.12
55,507,45,434.71
84,305,46,132.78
34,176,15,356.19
42,632,4,453.39
80,1301,68,313.95
30,666,51,240.16
95,1287,36,152.35
96,90,42,178.97
96,1246,64,449.96
67,488,91,68.93
97,1216,70,399.47
62,1471,98,270.65
43,1105,27,245.02
23,438,36,441.07
62,317,48,90.24
92,1442,57,382.64
12,421,49,67.53
32,1782,57,255.68
75,1416,66,158.1
31,1435,81,378.77
50,335,70,33.14
73,1744,9,161.34
97,596,24,169.42
7,1185,92,17.93
82,44,53,356.44
42,117,55,169.63
31,1347,40,480.91
36,859,89,174.03
10,1277,46,452.98
78,1542,61,490.85
11,115,41,366.34
65,181,24,380.71
46,435,98,327.93
10,1087,3,453.64
38,29,48,337.45
57,1195,59,381.28
23,670,61,265.19
78,1790,31,402.45
36,552,80,48.98
95,750,24,314.62
17,54,78,251.01
82,1581,89,353.77
98,1657,97,395.79
66,1444,27,102.5
52,788,67,107.07
93,1436,46,392.0
8,777,45,332.23
24,720,30,315.32
96,568,40,307.57
86,558,29,463.13
20,605,19,137.52
51,1130,4,29.1
20,1661,70,240.71
77,1753,72,457.12
74,1196,76,170.42
60,417,40,355.51
41,1503,22,267.09
71,1176,30,497.86
7,1451,44,6.99
22,29,76,273.8
49,1920,81,432.99
55,1633,23,292.98
46,1602,4,473.67
65,104,46,11.63
37,788,26,448.5
22,1807,94,469.69
47,132,44,112.23
17,522,26,428.97
71,319,2,325.09
61,1550,5,60.74
68,1207,1,130.61
8,925,28,216.06
50,1637,88,43.2
66,1687,61,72.04
48,799,65,398.32
7,1117,52,192.68
76,1109,48,59.11
59,1988,45,490.99
40,888,18,239.26
35,1884,46,109.24
61,1644,55,89.97
55,1092,98,182.21
29,1884,2,230.79
61,1645,89,254.79
40,1024,80,59.83
27,783,61,455.6
63,1662,4,207.17
85,1146,57,341.69
86,1372,22,153.93
80,1600,46,5.73
50,368,26,382.76
96,93,42,72.78
25,617,75,467.54
96,394,95,452.41
23,1851,72,205.44
64,1602,26,94.29
80,744,93,257.9
84,1317,32,291.37
49,1136,57,469.31
14,1380,68,87.94
1,1217,3,299.75
25,1760,16,153.89
76,487,65,241.36
19,383,18,300.04
78,1209,25,433.5
69,394,76,495.14
19,653,8,349.74
91,1575,81,174.3
91,951,96,109.99
48,234,73,220.89
48,1729,31,168.01
26,388,89,183.54
56,321,76,91.49
29,1293,2,340.89
60,307,26,329.44
15,244,75,232.11
29,288,13,491.28
81,454,98,13.59
56,501,11,262.54
56,1061,12,160.9
33,240,63,296.68
7,423,12,124.1
62,1524,70,155.33
92,980,31,154.85
22,1281,59,98.42
93,995,40,399.74
9,318,78,197.63
15,13,74,404.87
8,1484,50,362.28
29,1609,88,317.35
69,474,74,62.34
28,521,40,108.91
32,277,9,439.0
65,130,69,405.0
37,1869,67,252.22
59,441,100,445.87
67,670,96,446.1
17,21,16,428.08
62,1543,97,188.77
12,1608,61,213.33
69,1647,71,200.25
91,845,12,236.75
20,557,24,465.18
82,633,22,109.23
95,1375,32,156.2
65,395,77,429.23
64,1854,40,398.76
9,594,74,460.79
88,986,6,209.79
59,0,69,357.57
38,3,24,217.0
99,798,45,262.73
28,104,96,406.64
5,422,68,329.64
59,542,59,382.53
51,921,63,179.96
51,680,71,484.28
27,1035,31,370.46
84,412,78,401.19
56,1665,6,225.74
0,869,93,245.81
82,830,80,172.0
12,520,77,286.62
84,703,83,217.52
44,107,65,485.66
9,1389,95,51.02
53,1193,86,129.94
10,1096,69,316.98
1,619,77,51.36
52,1795,11,86.63
32,1791,91,262.71
53,938,49,66.68
36,543,2,478.09
24,277,34,71.16
17,706,94,356.53
54,87,90,401.43
91,631,85,245.84
19,891,91,327.99
48,29,45,263.92
89,11,47,253.69
17,1844,72,403.97
9,12,86,99.56
50,443,20,78.97
16,86,84,328.34
8,1268,24,406.72
67,1208,57,49.72
68,578,29,131.35
43,1282,79,104.93
32,1061,56,102.64
51,1030,57,137.04
90,1156,100,339.95
57,1979,39,461.14
95,658,9,206.94
59,232,56,129.89
97,1818,90,425.23
86,1447,30,190.78
5,1426,68,243.35
92,320,90,212.35
33,1225,88,382.49
32,791,2,31.21
72,1474,60,271.97
47,1698,65,200.03
72,1639,93,480.21
80,487,64,448.85
61,1250,56,466.57
26,1911,61,106.54
90,1999,34,242.41
39,1912,87,370.32
79,1270,8,477.24
48,1774,13,31.57
24,160,78,190.78
81,1100,37,197.4
72,531,27,110.45
49,282,77,57.6
11,1397,90,280.96
98,1728,87,318.92
53,326,44,411.19
36,1600,99,218.76
0,446,25,488.65
92,1322,82,415.13
98,1034,79,230.09
51,1383,14,417.66
41,815,56,231.52
40,1551,10,240.45
79,498,51,32.98
15,92,77,65.23
48,1341,34,494.34
32,1829,65,298.14
79,135,87,264.59
14,1176,9,174.37
19,589,41,163.61
73,1187,5,395.24
88,1088,24,471.57
62,349,8,60.06
94,1176,84,99.05
86,1421,84,162.41
27,1985,64,424.18
19,312,24,145.81
26,1088,28,380.67
84,336,73,263.27
61,417,22,173.16
33,1140,37,36.47
71,184,30,237.26
80,1102,59,363.05
37,1791,36,349.1
32,1258,84,435.83
80,589,85,53.0
69,120,48,213.4
89,1329,72,461.62
27,239,67,275.9
95,1213,58,247.88
26,1543,44,476.23
0,1543,74,387.87
15,1543,56,460.86
11,1969,92,359.37
71,1736,25,460.01
95,1718,52,198.49
1,1174,21,412.99
91,259,17,88.37
50,182,87,407.24
97,76,97,22.52
10,1775,52,366.54
86,1862,39,337.81
33,1831,89,75.02
24,1493,65,113.65
78,1102,81,275.26
72,760,88,14.7
83,1527,90,249.78
90,1846,57,267.38
75,1637,28,226.39
44,1526,46,324.84
19,76,41,383.02
15,1745,64,167.93
25,112,81,233.37
42,1423,60,418.73
6,1975,52,296.0
96,1152,35,65.52
31,688,39,294.7
81,1982,46,278.16
30,606,72,428.9
35,1597,76,480.58
75,1896,33,104.9
51,1025,20,380.59
42,952,96,448.31
56,1407,87,316.79
78,1337,18,479.95
24,140,30,63.58
41,39,76,80.22
41,546,69,451.88
31,1014,79,413.42
22,616,16,433.19
85,1792,3,21.2
88,774,53,113.93
35,557,34,159.61
89,1703,18,465.51
37,1716,52,268.44
62,205,33,404.24
61,1064,43,218.49
6,1083,59,61.84
7,222,79,419.6
52,1644,63,63.74
27,630,64,499.01
3,1081,39,317.77
76,1268,1,434.26
21,1929,78,327.31
96,830,13,176.41
49,46,92,477.06
59,1976,18,33.57
82,286,64,421.98
55,269,51,12.95
45,504,34,58.38
42,978,96,269.35
14,1819,100,358.25
25,776,17,30.83
99,846,53,325.28
33,1364,7,295.54
46,1745,48,119.88
97,573,5,37.03
25,711,11,414.34
47,788,65,255.77
87,877,51,72.37
72,1577,23,287.71
36,681,86,16.08
72,1092,20,483.66
10,1399,12,188.11
79,1713,3,369.91
41,950,79,362.99
94,1611,68,102.13
67,1130,56,388.3
71,200,63,65.65
98,1130,100,185.67
20,606,12,485.58
9,1786,11,441.52
34,1768,98,151.08
27,300,17,156.36
56,517,93,247.57
97,1975,31,386.04
58,1522,63,426.31
30,498,50,82.28
12,885,38,160.09
76,83,91,13.61
30,1135,24,371.92
83,319,82,182.27
21,1676,33,251.96
4,702,97,47.8
87,83,51,309.07
78,1862,15,176.66
67,1619,63,389.14
41,392,58,19.86
57,888,29,121.06
0,217,62,139.22
29,305,1,73.87
50,1829,91,345.76
35,1012,57,30.91
18,725,31,488.97
19,323,12,31.52
5,1777,70,141.71
15,777,50,28.01
3,1363,35,114.96
5,411,92,347.84
74,1370,65,433.36
81,1015,91,266.15
95,1153,93,126.02
17,283,21,135.01
63,1035,98,235.75
44,1472,58,13.22
29,1427,24,20.49
18,1347,33,387.83
58,397,40,38.7
75,1465,86,409.8
68,508,65,38.53
18,1596,67,378.53
49,1535,26,216.2
62,76,7,70.36
38,162,13,80.44
84,717,100,357.58
54,466,57,379.91
94,412,37,400.31
47,987,36,381.84
19,4,80,69.86
15,1652,15,466.76
19,695,73,111.13
84,1953,64,444.42
95,845,75,460.32
2,1729,97,244.08
91,675,90,138.6
95,470,32,279.88
80,879,59,465.13
67,1520,94,164.43
16,1102,83,381.71
69,511,95,145.77
38,823,82,267.55
59,1396,22,134.47
81,1324,41,287.35
8,602,17,356.76
64,133,82,83.02
93,267,66,142.81
88,1152,27,352.6
58,975,86,448.75
36,1531,74,172.42
81,1380,86,363.87
14,518,56,352.15
10,1037,32,325.0
35,66,36,360.5
20,1451,11,135.06
78,92,54,306.41
14,805,70,149.17
84,1702,28,89.85
80,1705,72,308.53
91,740,30,284.95
8,216,86,130.69
50,84,61,125.85
33,1117,48,245.84
55,264,65,129.05
68,350,76,445.76
24,1447,62,174.89
69,1888,97,134.44
42,587,52,128.99
96,1158,55,476.11
20,1799,85,333.8
47,21,86,271.31
96,1690,2,244.28
21,1512,82,467.15
51,1460,81,70.85
36,1852,32,70.9
60,1618,39,482.21
25,485,35,252.12
80,632,95,355.43
41,1063,26,363.11
4,848,64,302.77
65,464,20,190.25
27,646,51,203.33
25,610,42,355.46
93,454,97,34.85
26,74,91,310.8
65,1116,96,406.77
44,163,65,91.31
44,143,71,284.95
77,1506,59,176.07
78,1947,100,207.0
2,1298,70,359.31
25,1790,58,357.91
66,1218,77,460.23
47,63,63,104.09
56,536,30,201.05
45,1190,49,130.38
48,495,63,392.91
11,629,41,317.0
5,445,79,32.84
89,1120,57,485.03
11,229,43,175.92
93,675,79,439.91
79,1743,38,81.57
57,1087,61,145.53
98,510,42,463.91
40,344,47,45.77
69,989,95,299.74
71,126,23,429.64
58,1644,31,81.28
84,1418,69,449.3
26,840,15,193.77
54,1329,90,463.81
77,1659,50,186.05
81,1623,93,269.31
8,1998,30,426.6
61,753,33,109.45
53,1189,32,285.55
26,954,53,165.76
67,1722,72,342.5
85,661,42,434.89
54,888,80,323.8
16,829,56,346.72
17,1401,84,482.58
27,187,22,397.09
85,1089,59,123.52
85,1737,69,45.5
88,1857,85,73.9
87,321,46,479.44
95,1589,33,57.13
36,793,70,402.83
43,1389,68,246.95
28,867,71,254.27
67,1825,19,179.78
56,292,35,466.55
30,71,64,189.35
76,1473,46,22.46
71,1604,83,431.07
0,717,56,181.25
49,61,52,138.21
46,0,7,337.18
57,1030,79,209.47
44,1529,53,413.01
41,1432,50,238.05
49,1774,93,370.72
18,208,66,30.68
30,484,39,25.66
44,1749,28,415.84
73,468,30,438.84
82,1724,90,297.68
29,1229,17,421.92
22,447,91,164.44
73,819,76,34.12
5,1301,65,362.04
65,1010,26,179.85
15,311,49,265.95
18,754,33,154.34
46,634,50,218.5
54,1885,49,408.61
75,777,11,57.73
11,1305,92,392.31
26,1881,51,326.62
35,49,88,410.56
4,136,8,102.69
59,1115,88,294.96
6,1503,6,53.97
82,546,58,234.96
75,277,59,195.82
65,1349,7,188.94
27,48,57,143.7
25,820,52,183.06
1,1353,69,233.5
49,1371,32,108.51
76,1309,78,394.27
71,116,61,177.8
84,1253,25,174.09
82,671,18,489.22
81,1036,91,241.7
92,766,75,67.04
26,1225,33,181.75
80,1615,54,34.68
72,71,23,344.47
47,853,4,418.22
66,1614,21,37.25
51,1428,34,323.89
41,73,60,103.35
95,1616,62,367.16
44,654,5,251.78
69,1971,17,106.19
88,1651,99,352.94
0,1799,59,51.19
21,1435,15,431.39
4,1361,13,78.33
75,788,7,445.62
40,401,62,476.28
24,1035,85,285.51
8,1163,30,205.28
34,913,92,316.33
9,1079,81,98.22
80,1698,47,216.55
96,1517,81,273.5
38,276,16,135.99
8,1668,17,173.47
23,302,29,162.63
73,1722,54,126.89
11,1626,87,82.64
38,1553,68,472.07
83,1771,70,62.02
90,1678,14,146.75
12,1085,65,17.27
14,1411,3,421.4
19,1354,30,319.98
47,290,84,472.71
10,252,87,180.57
26,982,78,131.33
52,1524,28,47.24
12,809,56,379.2
50,1078,44,352.79
86,864,76,254.35
96,133,57,349.47
57,177,96,82.96
28,49,42,443.77
48,1755,99,354.89
20,1049,32,486.57
2,1976,53,480.01
30,1128,30,249.41
8,1957,55,197.43
60,1075,2,264.15
20,1932,43,355.71
56,1534,56,160.09
37,260,72,433.81
2,145,97,239.5
9,1091,4,470.83
63,1886,5,318.87
36,1976,70,463.02
68,903,39,203.19
48,158,34,364.35
42,304,39,183.89
31,60,54,354.0
37,1694,43,171.25
16,312,76,318.4
76,1597,87,489.83
26,398,37,250.74
7,1965,71,464.62
42,309,83,297.74
9,1983,78,313.2
74,807,42,405.58
98,611,63,353.14
50,1749,17,113.21
71,1054,8,147.9
77,547,7,314.71
88,1359,94,166.94
55,1552,52,64.35
59,1499,1,331.17
45,134,70,256.31
32,1761,74,154.64
43,1173,78,311.55
50,812,3,440.67
72,255,90,272.23
0,1361,97,130.77
37,1196,23,69.59
59,569,20,125.46
8,92,86,47.74
72,203,85,342.56
36,1700,14,133.64
28,487,17,450.38
39,757,44,384.11
58,1592,62,258.2
2,124,48,348.89
87,591,23,259.3
78,1272,69,193.14
31,1208,90,169.08
40,670,64,495.45
50,929,16,344.92
71,1656,20,40.29
60,1010,2,200.58
43,164,66,282.63
13,1092,46,113.21
16,661,37,465.1
30,837,40,168.07
45,603,23,475.57
41,747,4,60.85
9,750,12,172.78
7,403,19,84.58
25,449,8,481.66
26,1994,39,60.45
92,1719,77,302.6
78,688,83,416.99
5,409,6,178.64
8,915,10,61.79
61,668,26,89.07
92,189,75,259.37
88,1139,65,182.69
25,1339,82,338.74
5,861,67,471.09
21,1661,98,73.97
38,1908,59,404.1
61,1680,50,407.71
50,227,12,159.86
70,1416,60,281.78
97,1447,94,478.16
39,627,79,291.62
83,1030,22,15.3
26,685,47,259.26
4,1395,23,362.62
92,1517,7,344.51
36,1193,2,225.23
24,191,99,446.92
35,1526,41,455.01
69,1719,41,478.01
44,369,12,399.97
44,935,56,338.65
79,1099,49,211.46
72,1025,75,10.84
96,1414,96,271.91
78,915,68,159.83
42,89,31,62.43
27,1532,38,474.94
39,450,52,331.76
74,796,62,92.9
41,1141,31,145.26
54,1066,24,316.91
66,497,79,422.22
71,744,98,188.45
87,30,57,415.46
1,1716,18,87.28
36,800,50,357.93
80,1601,1,201.52
74,1898,38,266.39
92,232,22,353.35
33,895,35,255.95
72,866,64,70.43
35,1320,92,213.03
18,1448,44,399.67
81,317,24,375.96
18,1295,83,293.98
2,1368,36,335.29
92,54,77,391.79
49,815,63,470.9
10,193,98,188.56
45,245,84,363.87
37,512,48,366.66
42,1269,85,495.0
78,555,27,394.5
68,1596,23,395.46
97,1926,80,334.81
75,715,70,12.54
48,1934,25,499.36
48,900,24,247.72
36,696,32,417.74
41,1833,9,120.48
95,1702,71,103.85
15,1086,44,89.33
32,584,61,343.58
13,179,99,447.63
1,221,18,337.97
49,1258,91,76.51
28,1658,15,70.04
50,1830,73,172.04
90,579,59,62.2
51,584,18,255.83
83,129,26,433.13
92,1328,55,368.81
11,1327,47,36.49
16,1325,47,477.7
0,1582,72,277.24
67,123,76,486.15
9,571,42,286.01
33,954,7,282.79
23,817,95,358.96
98,1337,60,305.25
51,1756,36,127.13
83,481,46,235.97
72,378,28,498.82
88,1098,10,27.22
97,1689,6,378.2
10,1346,95,11.35
86,212,58,399.33
9,1143,77,180.87
87,244,62,424.43
24,285,15,250.14
23,263,62,120.7
66,191,9,94.71
48,1284,42,355.79
29,1133,61,197.79
76,915,43,367.29
51,1731,88,431.79
52,1131,65,269.52
25,1398,52,339.79
82,1632,87,379.23
38,376,64,325.04
92,508,52,369.37
87,1009,77,223.04
56,1343,9,465.93
36,545,15,157.21
40,78,81,412.05
97,1576,58,453.75
54,705,66,143.87
80,1826,15,341.32
60,1605,84,122.11
7,815,8,345.43
71,1558,76,170.34
22,1059,14,203.07
70,271,68,29.99
9,1869,62,335.84
5,1237,30,351.63
42,591,42,420.03
82,765,52,292.84
30,1213,78,224.26
30,616,95,406.39
58,1087,72,450.87
91,1099,87,359.62
95,1893,53,443.41
10,692,20,445.89
40,1206,1,459.93
57,1178,30,241.19
4,1277,77,123.14
65,1440,75,179.98
71,1856,17,135.07
80,1969,12,98.73
6,707,52,82.08
32,693,5,162.98
75,1641,75,109.21
48,538,53,81.66
80,339,4,445.06
26,696,23,493.87
76,914,30,134.84
12,1797,83,321.33
6,163,17,167.43
39,1479,26,82.07
29,944,85,281.18
1,1965,17,29.52
22,1637,82,14.83
75,1428,79,497.07
86,463,44,222.63
82,946,28,299.59
5,304,17,84.72
20,242,100,274.01
6,1699,57,328.85
56,1657,71,432.82
97,295,40,29.07
2,132,27,146.93
67,1810,6,353.53
9,194,15,483.43
21,1816,52,270.18
29,400,73,363.73
31,1382,56,81.06
20,986,53,35.85
8,437,79,496.31
27,696,53,79.23
51,777,1,330.51
33,142,30,158.67
3,65,71,378.62
23,1556,62,473.36
33,981,64,330.26
76,1218,20,233.9
6,20,69,487.11
73,652,55,478.11
20,1391,58,454.41
25,1766,46,78.65
34,1598,81,256.56
39,924,97,398.28
32,1572,72,52.03
69,1458,31,13.2
45,631,29,59.58
48,326,89,398.02
31,885,89,130.03
17,1800,92,301.35
98,1941,86,259.74
21,964,51,41.82
88,1928,26,44.0
91,1134,6,106.02
76,745,31,50.38
35,135,68,296.39
9,49,77,228.7
58,1092,75,494.71
20,137,3,287.18
12,1258,29,24.76
52,1942,49,284.11
92,751,73,398.38
69,442,76,149.99
1,236,58,379.13
51,1644,1,257.39
97,1987,100,86.52
6,1668,21,269.52
40,1400,55,10.98
62,688,63,481.38
4,1471,86,474.47
37,1042,7,402.34
47,407,31,99.12
49,551,34,43.0
90,658,56,156.08
36,701,26,260.33
9,660,69,417.8
51,350,46,363.47
91,489,25,125.92
41,178,48,92.59
52,168,88,306.45
24,380,5,346.88
77,1306,91,310.68
19,89,67,304.35
53,1674,23,108.9
36,1883,54,47.55
63,1407,38,159.81
21,1869,92,80.38
44,527,39,381.38
91,1877,74,473.32
80,1082,91,250.17
41,7,32,274.03
95,874,58,388.23
47,1099,93,290.51
50,197,1,326.13
84,1520,2,352.6
39,1883,87,365.83
7,1804,32,361.54
94,1877,69,362.76
60,1154,61,236.21
8,1663,46,109.02
60,634,79,209.43
46,1322,4,443.0
71,506,82,246.15
17,1100,72,44.78
98,1126,65,451.05
45,73,3,328.58
37,1806,36,427.29
23,1878,76,132.35
88,857,3,289.35
61,1521,15,144.94
81,751,62,224.94
1,12,45,93.72
60,1456,6,38.52
1,1495,75,88.75
27,662,1,273.68
51,607,97,384.21
39,1523,66,476.3
16,1461,47,145.7
29,631,59,9.87
76,1417,9,59.83
89,1436,70,411.58
34,1312,94,422.43
83,1651,77,194.96
20,1629,16,458.76
35,1761,40,210.74
69,1531,76,264.5
61,177,33,129.73
30,1049,58,474.11
90,964,95,352.46
82,443,90,154.55
9,1273,94,256.78
4,288,88,462.17
41,12,1,267.52
64,989,40,57.56
40,83,48,359.28
42,1035,93,216.31
57,705,45,145.33
11,345,53,219.88
83,977,14,178.38
73,234,42,463.4
1,1528,14,187.77
28,404,41,237.68
74,584,55,18.93
16,1492,78,62.96
61,1016,93,165.05
90,1538,24,345.18
62,1538,82,192.68
71,1758,94,102.06
4,131,75,49.15
56,605,59,111.7
43,342,17,147.33
69,1919,64,400.29
86,227,3,19.1
45,1922,85,289.83
77,1455,84,142.78
58,1413,48,362.82
36,962,6,320.43
87,51,5,227.79
62,1647,25,250.12
85,51,31,41.43
33,1842,47,69.58
99,697,94,124.11
17,1533,57,274.45
41,1749,70,35.82
4,1005,19,217.42
48,1822,52,291.7
98,226,45,364.61
34,1929,86,11.26
70,112,71,86.97
52,935,9,234.72
96,336,14,475.67
79,1979,44,406.7
90,174,1,217.88
98,952,97,62.82
49,126,23,340.34
6,464,7,184.63
95,441,74,8.59
2,1675,18,441.58
93,1532,2,290.67
71,983,26,323.56
21,1943,17,263.12
92,1555,72,424.03
51,1354,41,432.24
69,1998,7,170.26
91,703,90,294.74
55,1309,41,103.64
81,671,34,350.2
99,1471,60,36.68
56,1664,50,279.29
96,998,87,224.66
81,1637,82,161.5
24,1349,48,370.47
53,1390,36,482.23
58,988,1,111.05
88,1469,53,268.59
0,507,16,224.18
82,133,4,189.31
89,412,38,353.07
23,1740,38,133.63
22,1015,76,245.9
27,1268,79,426.7
16,205,2,61.72
99,1346,46,10.33
56,1038,65,221.03
80,1064,95,491.84
50,1165,8,181.5
15,494,43,69.99
14,594,52,48.44
1,421,76,48.73
85,1441,25,483.62
59,637,82,435.8
66,631,33,211.64
92,888,60,491.68
22,885,77,37.86
22,896,44,75.04
62,739,97,131.02
13,735,44,396.72
5,1764,96,401.93
27,995,50,9.27
40,7,38,366.15
92,1264,12,368.47
49,1086,8,163.35
91,1291,99,23.58
94,444,55,243.65
84,1408,98,212.39
0,773,43,468.62
87,791,2,88.9
66,1324,36,116.28
16,1807,92,231.18
83,212,49,107.75
22,1257,56,400.53
80,648,30,174.38
82,1872,100,372.73
39,1318,16,400.48
4,667,22,327.76
31,573,99,299.63
23,441,35,345.76
0,770,22,355.53
25,949,28,63.1
61,681,83,181.94
22,250,67,404.44
40,656,76,173.67
2,314,88,77.51
65,603,31,406.9
53,710,58,328.03
83,1628,49,219.87
17,1294,64,485.41
63,237,79,463.29
84,342,66,279.5
6,572,62,401.24
69,1990,67,489.31
74,771,83,443.46
7,491,82,117.9
18,1678,35,64.45
20,241,24,171.25
69,1664,85,437.52
4,1505,43,252.1
55,232,15,465.73
80,1172,98,254.21
44,1993,100,376.85
69,1922,28,220.73
87,837,48,118.76
95,221,95,373.55
50,1845,33,242.5
46,1600,65,152.15
98,62,36,400.0
10,1231,1,381.26
63,1206,63,386.65
32,973,86,421.75
71,681,39,95.21
11,607,21,423.52
87,1874,92,367.68
27,261,25,391.27
86,1443,95,297.85
13,200,96,290.5
4,1992,65,280.68
58,322,52,308.06
62,301,33,69.06
19,1883,40,233.55
69,68,54,147.64
73,867,63,9.43
43,1181,45,457.59
45,889,68,293.17
77,1740,88,203.0
91,1225,53,72.42
67,1742,22,47.82
59,1287,14,240.55
20,34,79,72.99
61,1322,88,65.55
36,1281,40,240.44
73,1939,57,14.22
8,41,97,16.12
78,1234,76,354.41
70,1580,87,354.02
21,1325,18,38.72
77,413,47,260.2
5,1359,67,454.47
47,1785,1,253.56
35,729,67,145.52
28,693,87,218.93
44,172,12,364.04
76,717,87,428.97
44,1770,59,26.57
70,1141,14,243.4
69,892,38,240.91
5,1511,62,412.41
7,1051,49,394.73
75,1064,16,216.14
53,17,26,34.77
78,1539,57,240.32
76,324,12,137.67
22,509,6,317.81
65,578,62,233.32
56,438,31,451.21
91,287,91,387.89
23,211,35,76.89
1,1133,65,80.73
26,891,91,202.85
98,1105,17,94.1
98,1452,7,15.72
99,989,85,411.31
72,676,37,266.76
72,1061,67,141.83
66,1440,3,41.95
26,52,92,109.45
28,1744,78,183.4
2,362,99,79.76
88,1071,92,287.43
58,1646,7,49.31
22,1217,42,7.03
20,1199,75,51.66
83,919,23,344.07
80,450,50,401.33
55,1080,77,33.28
97,416,37,193.21
96,1490,52,286.0
66,952,32,306.29
28,1670,31,56.76
78,1953,43,206.66
47,1819,98,296.67
75,1076,83,474.62
54,1312,45,140.38
49,1256,14,187.23
72,1249,49,478.53
20,834,90,493.86
29,1471,16,97.33
20,425,30,217.44
1,1084,6,198.46
6,1611,6,172.88
66,146,58,134.3
53,406,20,239.35
69,1012,11,194.32
18,1692,100,50.02
43,795,23,357.31
8,408,85,27.41
92,865,45,176.14
42,1417,81,268.63
29,45,96,264.86
3,1036,67,410.07
87,430,100,322.09
24,1131,55,88.82
32,892,39,44.35
0,1671,18,329.49
58,166,94,126.74
6,484,23,121.12
22,582,2,295.4
6,1564,88,368.51
3,1790,85,113.03
70,1072,74,302.01
73,369,91,179.66
24,1240,39,91.43
11,733,7,211.86
52,861,52,108.25
48,1844,57,478.22
1,923,47,131.43
89,1462,53,258.94
75,502,100,302.2
78,1176,23,55.21
29,1791,2,367.54
18,1551,80,487.96
57,744,22,350.06
76,1460,42,286.07
23,1261,27,367.14
48,1395,39,79.88
50,1347,73,87.53
61,584,13,325.46
33,1125,52,372.13
79,429,1,23.02
10,1253,66,182.39
77,1605,31,240.54
6,499,96,196.57
97,52,39,376.11
17,705,71,350.49
4,1231,18,428.61
51,650,84,146.62
92,1592,57,191.73
63,1921,54,410.7
64,324,8,191.62
68,624,78,162.03
68,332,68,44.41
57,1771,98,390.5
37,1617,22,358.18
76,706,63,287.98
61,650,46,15.34
75,1877,66,64.62
4,1982,35,320.34
51,1511,56,393.12
28,1134,30,221.84
88,1360,85,372.8
75,307,63,265.55
34,1957,23,273.16
64,1224,71,84.35
28,182,95,139.07
20,538,61,287.35
20,383,29,417.49
57,980,87,227.03
94,1275,25,349.55
56,627,44,372.08
75,249,72,334.08
84,198,54,282.76
62,914,53,94.02
35,1754,88,61.76
30,772,76,22.35
77,105,42,311.02
18,1685,53,364.34
22,1758,51,444.88
66,674,61,481.71
6,657,18,473.1
30,1458,76,128.84
66,1447,97,442.49
80,729,21,300.07
79,1813,92,158.2
16,1672,57,189.06
23,1512,35,249.28
41,1684,23,34.41
63,1682,29,15.32
67,486,67,450.47
34,307,47,484.42
32,1058,42,16.32
63,312,66,179.03
23,1712,96,383.07
73,1838,43,407.42
83,571,8,481.11
44,1422,63,432.8
10,114,60,194.72
2,247,4,334.72
30,1395,77,275.21
44,1124,22,362.59
11,920,28,154.15
89,749,77,86.78
15,562,84,127.09
63,1460,79,59.33
74,76,68,47.41
19,49,12,10.23
34,1728,30,15.31
21,927,34,380.68
92,440,6,151.49
73,1440,53,189.03
78,893,64,31.43
93,1137,59,114.21
89,110,61,359.37
77,1911,77,287.72
47,794,29,265.34
34,91,99,73.98
49,1591,49,361.55
2,1718,69,162.27
14,1677,79,42.13
62,193,29,35.69
80,798,69,225.53
86,441,55,227.61
58,519,47,428.53
42,230,32,454.03
47,244,55,303.65
52,1045,7,394.43
31,1963,58,380.12
54,1946,96,110.08
59,239,66,90.02
48,147,1,398.81
44,1598,37,76.93
46,1402,83,39.83
4,584,60,141.2
83,1196,22,351.31
5,454,22,270.6
33,1152,51,431.84
98,490,36,156.87
27,317,83,393.36
94,1341,39,433.38
8,254,23,433.22
64,1675,78,457.43
93,1506,67,333.67
12,1735,52,423.78
94,1434,69,263.54
69,689,21,253.36
28,975,26,379.69
98,1180,92,313.12
30,376,71,188.14
94,1686,66,98.05
30,1952,43,155.39
55,1719,52,446.36
53,631,40,397.75
18,1675,26,222.13
27,38,71,217.97
36,1282,15,301.31
88,781,61,173.01
48,1832,34,366.9
30,1363,25,9.98
1,1498,76,352.53
66,113,3,467.49
72,690,94,369.09
47,323,5,72.48
6,1556,46,65.42
24,7,21,131.47
31,1665,58,59.81
91,862,15,101.72
29,126,64,234.05
11,1601,48,286.38
11,1162,24,225.33
44,912,32,45.57
53,866,29,323.44
37,213,56,8.63
84,938,95,46.95
12,1134,28,140.15
92,622,42,59.7
41,1599,96,270.67
30,1586,86,214.18
46,1692,89,260.31
21,293,10,202.15
66,1743,89,134.37
59,320,50,276.82
25,1002,85,223.58
90,1577,11,264.68
99,761,54,150.61
92,1311,79,248.7
92,380,81,260.16
25,1493,33,486.21
19,1372,56,313.29
47,1207,5,51.87
64,1604,70,316.05
66,645,38,155.35
59,722,39,280.51
84,1523,6,408.23
34,1475,98,292.35
91,1338,90,426.49
33,1251,74,276.98
10,258,89,469.64
56,47,78,53.88
65,1143,96,106.21
6,726,40,139.43
88,191,99,295.81
73,564,93,98.25
4,229,78,130.48
87,1141,99,146.5
86,429,90,38.21
40,397,23,138.13
54,31,39,390.2
93,1381,61,436.9
5,437,71,492.67
64,18,33,415.25
14,1549,42,52.58
3,908,57,182.66
13,1076,83,140.45
40,1634,6,354.43
2,319,65,193.56
12,1786,30,173.93
42,1340,8,101.95
10,1844,70,170.96
90,1399,8,346.99
0,1031,10,9.99
0,1654,10,9.99
0,1486,10,9.99
0,1308,10,9.99
0,1894,10,9.99
0,638,10,9.99
0,248,10,9.99
0,289,10,9.99
0,16,10,9.99
0,298,10,9.99
0,56,10,9.99
0,769,10,9.99
0,1103,10,9.99
0,576,10,9.99
0,628,10,9.99
0,357,10,9.99
0,1889,10,9.99
0,156,10,9.99
0,219,10,9.99
0,590,10,9.99
0,1023,10,9.99
0,186,10,9.99
0,1853,10,9.99
0,1429,10,9.99
0,1183,10,9.99
0,1292,10,9.99
0,1019,10,9.99
0,1055,10,9.99
0,643,10,9.99
0,612,10,9.99
0,1717,10,9.99
0,1973,10,9.99
0,563,10,9.99
0,514,10,9.99
0,784,10,9.99
0,272,10,9.99
0,1192,10,9.99
0,533,10,9.99
0,1121,10,9.99
0,598,10,9.99
0,233,10,9.99
0,1047,10,9.99
0,1940,10,9.99
0,1459,10,9.99
0,88,10,9.99
0,1837,10,9.99
0,992,10,9.99
0,1297,10,9.99
0,1683,10,9.99
0,686,10,9.99
0,467,10,9.99
0,24,10,9.99
0,1931,10,9.99
0,1334,10,9.99
0,736,10,9.99
0,15,10,9.99
0,1565,10,9.99
0,655,10,9.99
0,835,10,9.99
0,170,10,9.99
0,1930,10,9.99
0,1425,10,9.99
0,1820,10,9.99
0,1110,10,9.99
0,858,10,9.99
0,1048,10,9.99
0,758,10,9.99
0,1106,10,9.99
0,1331,10,9.99
0,1515,10,9.99
0,934,10,9.99
0,1132,10,9.99
0,958,10,9.99
0,574,10,9.99
0,1220,10,9.99
0,615,10,9.99
0,593,10,9.99
0,384,10,9.99
0,1166,10,9.99
0,238,10,9.99
0,1145,10,9.99
0,550,10,9.99
0,1453,10,9.99
0,127,10,9.99
0,121,10,9.99
0,642,10,9.99
0,790,10,9.99
0,1850,10,9.99
0,1384,10,9.99
0,548,10,9.99
0,966,10,9.99
0,937,10,9.99
0,1227,10,9.99
0,871,10,9.99
0,1358,10,9.99
0,1879,10,9.99
0,111,10,9.99
0,1867,10,9.99
0,1606,10,9.99
0,561,10,9.99
0,1964,10,9.99
0,523,10,9.99
0,1866,10,9.99
0,842,10,9.99
0,1420,10,9.99
0,1067,10,9.99
0,1981,10,9.99
0,1673,10,9.99
0,621,10,9.99
0,280,10,9.99
0,719,10,9.99
0,1263,10,9.99
0,43,10,9.99
0,1746,10,9.99
0,1933,10,9.99
0,1897,10,9.99
0,1374,10,9.99
0,262,10,9.99
0,426,10,9.99
0,1412,10,9.99
0,1917,10,9.99
0,333,10,9.99
0,42,10,9.99
0,599,10,9.99
0,1706,10,9.99
0,459,10,9.99
0,1762,10,9.99
0,565,10,9.99
0,1876,10,9.99
0,1223,10,9.99
0,640,10,9.99
0,1003,10,9.99
0,475,10,9.99
0,1267,10,9.99
0,687,10,9.99
0,759,10,9.99
0,150,10,9.99
0,375,10,9.99
0,1984,10,9.99
0,374,10,9.99
0,1316,10,9.99
0,141,10,9.99
0,108,10,9.99
0,1594,10,9.99
0,1541,10,9.99
0,214,10,9.99
0,1006,10,9.99
0,1918,10,9.99
0,838,10,9.99
0,361,10,9.99
0,1936,10,9.99
0,947,10,9.99
0,455,10,9.99
0,1695,10,9.99
0,1457,10,9.99
0,960,10,9.99
0,251,10,9.99
0,1727,10,9.99
0,1122,10,9.99
0,218,10,9.99
0,1643,10,9.99
0,1266,10,9.99
0,789,10,9.99
0,469,10,9.99
0,1348,10,9.99
0,385,10,9.99
0,1595,10,9.99
0,1164,10,9.99
0,1437,10,9.99
0,1696,10,9.99
0,33,10,9.99
0,516,10,9.99
0,1723,10,9.99
0,940,10,9.99
0,472,10,9.99
0,202,10,9.99
0,273,10,9.99
0,96,10,9.99
0,1029,10,9.99
0,1026,10,9.99
0,1439,10,9.99
0,1205,10,9.99
0,1805,10,9.99
0,1323,10,9.99
0,1424,10,9.99
0,1812,10,9.99
0,1419,10,9.99
0,415,10,9.99
0,1667,10,9.99
0,1603,10,9.99
0,1279,10,9.99
0,204,10,9.99
0,192,10,9.99
0,185,10,9.99
0,1910,10,9.99
0,109,10,9.99
0,152,10,9.99
0,1720,10,9.99
0,1710,10,9.99
0,1583,10,9.99
0,883,10,9.99
0,1554,10,9.99
0,1201,10,9.99
0,161,10,9.99
0,28,10,9.99
0,396,10,9.99
0,994,10,9.99
0,1704,10,9.99
0,1776,10,9.99
0,1114,10,9.99
0,1040,10,9.99
0,95,10,9.99
0,1571,10,9.99
0,257,10,9.99
0,723,10,9.99
0,878,10,9.99
0,1352,10,9.99
0,1757,10,9.99
0,235,10,9.99
0,974,10,9.99
0,530,10,9.99
0,716,10,9.99
0,77,10,9.99
0,1635,10,9.99
0,99,10,9.99
0,1568,10,9.99
0,1808,10,9.99
0,1182,10,9.99
0,268,10,9.99
0,1210,10,9.99
0,1101,10,9.99
0,928,10,9.99
0,1138,10,9.99
0,797,10,9.99
0,315,10,9.99
0,737,10,9.99
0,644,10,9.99
0,926,10,9.99
0,1566,10,9.99
0,265,10,9.99
0,1938,10,9.99
0,1405,10,9.99
0,916,10,9.99
0,410,10,9.99
0,85,10,9.99
0,102,10,9.99
0,956,10,9.99
0,1333,10,9.99
0,1330,10,9.99
0,854,10,9.99
0,67,10,9.99
0,870,10,9.99
0,266,10,9.99
0,806,10,9.99
0,370,10,9.99
0,1954,10,9.99
0,1481,10,9.99
0,1252,10,9.99
0,1827,10,9.99
0,1945,10,9.99
0,167,10,9.99
0,1501,10,9.99
0,604,10,9.99
0,1104,10,9.99
0,868,10,9.99
0,82,10,9.99
0,457,10,9.99
0,1403,10,9.99
0,682,10,9.99
0,535,10,9.99
0,1900,10,9.99
0,1956,10,9.99
0,1653,10,9.99
0,1504,10,9.99
0,207,10,9.99
0,387,10,9.99
0,183,10,9.99
0,898,10,9.99
0,476,10,9.99
0,613,10,9.99
0,1245,10,9.99
0,367,10,9.99
0,139,10,9.99
0,434,10,9.99
0,525,10,9.99
0,1636,10,9.99
0,1855,10,9.99
0,1222,10,9.99
0,328,10,9.99
0,752,10,9.99
0,965,10,9.99
0,55,10,9.99
0,1823,10,9.99
0,894,10,9.99
0,1610,10,9.99
0,27,10,9.99
0,623,10,9.99
0,1197,10,9.99
0,1127,10,9.99
0,824,10,9.99
0,1980,10,9.99
0,1170,10,9.99
0,119,10,9.99
0,1968,10,9.99
0,641,10,9.99
0,1593,10,9.99
0,1219,10,9.99
0,882,10,9.99
0,393,10,9.99
0,1861,10,9.99
0,436,10,9.99
0,855,10,9.99
0,228,10,9.99
0,493,10,9.99
0,2,10,9.99
0,906,10,9.99
0,1303,10,9.99
0,1039,10,9.99
0,1741,10,9.99
0,1666,10,9.99
0,386,10,9.99
0,1811,10,9.99
0,899,10,9.99
0,69,10,9.99
0,165,10,9.99
0,730,10,9.99
0,1283,10,9.99
0,1904,10,9.99
0,1097,10,9.99
0,997,10,9.99
0,963,10,9.99
0,953,10,9.99
0,351,10,9.99
0,1027,10,9.99
0,1590,10,9.99
0,1280,10,9.99
0,303,10,9.99
0,173,10,9.99
0,804,10,9.99
0,1188,10,9.99
0,1525,10,9.99
0,377,10,9.99
0,922,10,9.99
0,727,10,9.99
0,424,10,9.99
0,1194,10,9.99
0,532,10,9.99
0,1513,10,9.99
0,64,10,9.99
0,1585,10,9.99
0,1159,10,9.99
0,1970,10,9.99
0,1262,10,9.99
0,663,10,9.99
0,171,10,9.99
0,1233,10,9.99
0,356,10,9.99
0,1620,10,9.99
0,1489,10,9.99
0,1494,10,9.99
0,1962,10,9.99
0,1409,10,9.99
0,1274,10,9.99
0,428,10,9.99
0,1560,10,9.99
0,945,10,9.99
0,1950,10,9.99
0,155,10,9.99
0,897,10,9.99
0,539,10,9.99
0,148,10,9.99
0,1315,10,9.99
0,570,10,9.99
0,597,10,9.99
0,1186,10,9.99
0,969,10,9.99
0,1948,10,9.99
0,1951,10,9.99
0,1660,10,9.99
0,9,10,9.99
0,284,10,9.99
0,849,10,9.99
0,1624,10,9.99
0,724,10,9.99
0,223,10,9.99
0,1901,10,9.99
0,1302,10,9.99
0,741,10,9.99
0,1834,10,9.99
0,833,10,9.99
0,1508,10,9.99
0,918,10,9.99
0,118,10,9.99
0,691,10,9.99
0,948,10,9.99
0,19,10,9.99
0,1285,10,9.99
0,911,10,9.99
0,1477,10,9.99
0,1179,10,9.99
0,275,10,9.99
0,1385,10,9.99
0,308,10,9.99
0,1725,10,9.99
0,1562,10,9.99
0,492,10,9.99
0,1895,10,9.99
0,792,10,9.99
0,1155,10,9.99
0,334,10,9.99
0,1880,10,9.99
0,1559,10,9.99
0,1373,10,9.99
0,1570,10,9.99
0,1107,10,9.99
0,281,10,9.99
0,782,10,9.99
0,1056,10,9.99
0,917,10,9.99
0,1514,10,9.99
0,635,10,9.99
0,787,10,9.99
0,1446,10,9.99
0,1043,10,9.99
0,1369,10,9.99
0,1168,10,9.99
0,274,10,9.99
0,1053,10,9.99
0,586,10,9.99
0,1787,10,9.99
0,844,10,9.99
0,278,10,9.99
0,1378,10,9.99
0,458,10,9.99
0,1730,10,9.99
0,1491,10,9.99
0,851,10,9.99
0,554,10,9.99
0,1466,10,9.99
0,816,10,9.99
0,1871,10,9.99
0,439,10,9.99
0,1118,10,9.99
