89,797,41,352.49
29,488,51,88.51
32,198,45,62.69
40,1287,27,446.18
8,1973,78,119.33
61,77,96,388.7
49,1043,71,195.61
15,1716,26,455.57
74,1903,78,20.22
83,1110,49,213.0
88,835,73,148.61
48,846,35,428.29
64,1335,11,319.62
33,1745,34,477.43
41,635,80,223.69
30,621,22,272.78
95,1484,11,50.36
9,179,91,406.19
15,1169,55,187.21
1,1102,36,383.34
25,424,52,130.11
94,228,36,181.08
29,1725,34,387.74
40,860,12,273.41
5,1981,55,31.42
96,831,27,166.74
71,585,1,9.74
19,871,3,82.75
52,1918,28,402.46
49,613,98,492.3
5,1210,14,102.05
71,368,8,207.22
79,65,66,325.32
5,1050,17,359.8
71,1601,15,96.83
80,1840,33,236.1
77,595,60,377.35
36,1746,3,326.2
85,1953,64,475.73
55,90,56,303.1
20,376,17,115.8
25,477,12,495.49
48,339,8,275.64
11,1652,30,435.62
40,856,71,114.28
24,79,97,299.43
29,1885,98,153.79
50,1811,1,477.04
14,806,47,149.09
9,1075,30,368.63
76,42,73,208.8
77,681,2,329.21
38,958,39,478.27
18,1585,37,448.08
1,89,22,153.32
37,1409,56,170.56
83,613,24,378.91
30,428,75,367.77
27,522,39,101.82
35,788,19,203.75
46,295,47,408.02
25,1874,21,220.8
28,129,44,360.58
46,108,84,348.41
37,227,8,490.12
35,1396,82,155.03
20,1344,99,307.51
70,1199,74,214.13
67,1210,66,478.94
21,580,40,215.49
62,1050,17,428.23
54,206,6,396.27
0,1345,87,58.66
8,97,67,245.2
78,1153,11,409.21
28,39,21,399.45
69,10,48,219.22
79,112,35,188.26
31,169,42,44.59
51,78,99,348.45
59,374,78,355.24
79,877,50,177.06
92,863,59,285.54
77,1761,71,72.43
48,911,60,272.94
96,445,88,195.42
64,164,82,287.27
50,26,52,326.42
38,788,68,397.46
41,149,66,246.55
56,1204,47,413.58
58,738,92,413.79
79,618,66,138.84
69,1071,19,235.98
84,1273,97,416.77
44,1145,85,284.98
20,134,23,76.61
77,1307,93,166.62
6,132,98,428.3
28,1606,27,118.64
66,247,75,37.39
45,437,3,267.78
47,1216,73,178.33
11,590,80,209.4
70,898,12,194.56
24,1287,7,89.29
69,1108,20,291.42
8,1307,100,450.58
13,439,50,168.04
24,386,7,218.11
75,889,82,393.58
47,901,88,21.55
39,720,84,323.32
37,1954,4,455.5
39,765,44,244.92
58,1819,47,13.22
76,1877,27,145.39
13,186,17,464.64
28,1117,35,345.05
85,222,24,332.07
28,1100,8,403.26
46,1449,100,429.94
94,1608,26,81.94
88,555,93,263.41
45,1834,31,339.26
44,1139,82,205.3
11,1255,18,434.24
47,653,73,183.0
60,1141,38,65.55
62,830,38,18.05
99,335,18,158.68
36,254,82,168.82
45,383,45,393.43
54,1054,35,195.19
42,1905,49,411.71
42,1672,67,210.51
37,362,55,242.98
50,326,19,332.14
39,1487,27,54.04
5,1572,60,244.72
45,675,71,164.47
0,1201,83,296.28
22,1309,58,468.91
75,1977,95,388.16
11,1662,88,111.87
53,1524,8,34.99
11,1003,93,233.03
2,344,78,455.38
61,893,99,431.72
91,159,24,445.81
75,655,74,263.35
33,512,61,34.6
43,1077,32,53.63
33,1560,55,255.89
98,1107,30,135.88
41,760,2,292.48
1,242,60,103.33
24,1216,19,212.35
95,451,29,120.9
55,1823,1,413.81
79,107,22,303.22
3,462,79,255.93
48,773,60,160.93
61,1726,96,335.31
18,817,61,467.62
38,559,26,361.66
23,1169,55,442.05
31,1979,58,321.57
76,467,46,33.14
84,1488,87,316.64
78,1496,92,246.61
49,379,79,421.48
28,446,85,263.08
20,997,71,475.89
19,1085,46,96.11
48,1985,5,18.4
78,1959,14,314.78
17,1087,56,261.17
27,1741,96,330.99
89,1814,32,69.94
42,417,63,227.09
46,2,88,310.09
78,774,54,32.38
71,1773,52,386.72
9,823,11,8.7
38,1611,50,415.26
89,1843,51,163.34
2,291,20,342.74
99,1166,96,70.58
73,212,94,212.94
26,1990,3,469.38
63,1073,74,201.95
10,666,72,45.54
76,721,23,387.38
49,706,19,255.63
63,362,24,304.56
63,1903,49,12.31
88,1381,17,447.89
72,1231,75,374.27
34,1946,70,56.29
82,847,83,72.17
86,1915,89,351.73
23,1679,79,179.21
72,493,88,323.26
55,929,91,96.3
29,1850,14,223.94
91,1810,22,490.13
1,337,71,406.72
59,1891,66,167.66
83,1076,39,260.31
79,472,100,405.73
88,3,82,232.89
39,418,17,471.13
91,933,70,21.58
49,596,30,386.94
33,1379,85,305.58
55,970,13,264.06
50,904,35,294.0
48,134,29,488.38
50,833,51,105.89
85,177,64,148.77
26,1062,40,425.37
90,898,31,27.5
15,1980,2,168.75
97,1539,11,455.42
1,693,9,48.85
28,1980,85,68.84
46,1225,69,335.61
69,229,100,157.79
51,628,36,436.86
21,1809,99,113.65
33,1604,9,7.18
55,1234,75,113.15
84,898,92,465.68
97,1059,54,422.77
14,630,79,300.25
4,6,99,427.62
99,1891,97,73.84
8,1428,91,427.21
33,687,15,103.92
5,112,55,323.47
7,1634,2,184.77
11,941,37,187.23
79,1036,10,71.9
55,269,45,286.5
81,720,71,450.27
19,1365,7,358.14
5,587,89,82.7
93,45,42,10.37
49,1034,56,170.54
2,699,49,407.75
58,637,65,244.31
80,1815,98,106.18
39,482,64,368.93
2,441,26,58.76
2,618,85,408.45
82,1115,8,293.67
97,1527,1,85.4
27,1596,86,240.46
43,543,70,468.58
7,1810,73,165.67
92,1472,66,225.88
36,1040,36,434.68
99,1548,76,228.31
91,546,65,284.59
13,1481,54,383.95
34,538,2,139.83
3,770,65,152.84
88,1369,1,313.78
45,1498,67,117.93
94,255,7,54.06
49,1140,87,27.02
60,310,72,84.04
37,1156,91,245.39
92,181,67,7.8
44,79,14,224.49
52,1118,14,361.39
78,553,16,349.42
69,572,74,149.73
34,1782,56,121.93
35,834,57,106.21
58,1506,71,482.39
28,464,61,409.13
10,319,33,181.02
97,470,15,249.04
50,165,53,494.28
41,1994,72,442.79
37,261,21,415.67
31,1826,98,71.39
26,1889,100,497.16
16,1574,31,419.14
8,1036,64,36.66
87,1703,15,250.97
16,1474,69,485.65
87,454,53,20.92
81,1317,19,382.04
55,594,6,376.85
6,426,85,464.36
61,463,37,460.72
38,369,8,7.24
83,74,38,245.65
36,953,92,358.53
46,607,76,307.74
56,831,84,260.91
12,547,91,188.67
11,1040,48,478.42
32,717,65,373.0
32,1171,55,45.39
18,1568,61,425.35
0,510,90,161.39
83,14,93,348.75
41,1001,77,382.97
87,1716,60,52.65
43,250,76,316.75
66,80,34,94.61
77,1355,77,364.6
73,1014,27,174.21
67,374,66,231.02
87,780,88,272.21
46,1575,13,109.62
35,522,36,93.81
24,705,75,203.44
90,1699,50,439.85
14,1821,65,52.2
32,1729,63,215.72
12,9,66,436.09
95,361,38,375.05
39,1054,64,446.75
26,229,37,188.66
66,790,83,92.22
5,662,10,69.23
43,1830,61,229.93
59,1742,19,188.47
23,1404,67,10.97
35,1341,11,404.2
12,1200,66,204.6
91,1332,57,399.05
2,1478,21,209.76
78,164,24,56.07
68,1404,25,280.07
85,1835,66,347.31
38,1286,77,150.38
51,1143,84,55.25
80,1820,31,62.07
92,1591,95,317.02
45,1914,96,163.69
11,1105,86,482.65
80,1137,61,128.72
94,388,90,304.64
80,1794,35,401.24
11,393,71,352.93
60,510,88,336.3
26,447,17,58.85
90,1151,57,331.55
39,20,57,260.7
75,1132,90,17.1
19,656,68,78.19
88,42,29,366.72
8,858,41,48.78
54,444,8,52.98
62,1319,64,170.71
91,422,27,480.64
43,924,99,109.31
89,662,50,168.79
65,1747,21,159.74
22,140,50,341.33
62,498,27,40.94
20,530,72,86.82
11,1874,52,483.86
33,278,39,230.06
92,1261,1,417.56
44,813,8,474.19
5,771,19,63.57
81,254,58,67.17
53,703,75,381.18
40,1503,41,261.12
44,980,62,68.93
32,1024,96,19.43
41,425,100,275.16
5,295,77,177.04
35,222,1,163.36
97,1735,92,137.08
85,676,33,34.13
44,226,81,185.63
97,1061,51,31.41
98,1901,52,93.94
37,397,57,64.0
62,967,97,266.61
91,1699,16,62.77
91,1086,66,73.82
98,1788,31,27.7
94,109,35,235.5
88,1854,17,257.93
17,1006,33,224.76
87,1661,2,35.23
76,1056,65,152.3
38,618,68,146.92
13,1394,76,175.91
48,8,72,71.66
47,1927,86,21.16
19,903,21,387.46
20,1427,81,254.53
18,1778,60,110.92
12,1691,58,283.29
22,1964,59,293.73
41,876,39,381.94
68,116,38,255.98
30,1590,28,293.28
39,1555,9,346.35
18,1879,90,386.0
91,1905,14,405.31
69,306,36,389.17
84,1940,91,387.18
85,1109,43,189.62
3,1374,72,453.76
89,1620,54,234.18
13,260,8,404.98
75,720,67,59.32
64,1856,32,445.41
98,894,45,199.95
36,1701,40,300.1
16,835,33,202.3
69,1659,60,379.09
59,1759,29,206.52
49,577,100,441.62
40,1915,73,200.99
20,1291,18,214.79
48,1848,87,252.73
75,628,47,316.04
42,1400,25,205.76
86,495,2,437.6
6,340,46,110.58
82,1065,74,99.01
28,16,6,43.77
86,1006,77,107.03
27,581,43,359.23
86,1865,4,174.49
91,1938,69,77.46
75,546,39,477.25
30,32,70,286.0
17,1147,54,192.02
47,1356,36,48.46
62,740,19,289.41
57,301,8,81.65
28,702,34,88.51
37,1894,4,102.17
35,1377,31,55.36
15,142,79,192.22
12,683,54,316.05
22,1308,50,266.23
26,1011,100,235.89
84,308,18,220.21
57,956,67,95.85
11,1864,10,104.06
48,248,32,175.6
52,420,82,139.99
13,247,12,274.8
18,1836,23,468.98
0,1785,24,24.15
65,1549,32,426.46
19,1166,94,384.9
93,1053,72,485.21
97,1733,12,42.21
97,329,42,13.86
39,229,8,280.9
75,816,17,453.16
77,1165,52,100.9
27,1807,67,217.56
12,446,39,277.57
77,19,87,443.66
57,551,65,469.01
12,1936,79,493.4
88,1447,20,415.66
92,920,3,380.03
1,741,57,480.34
64,1888,38,285.39
47,1235,78,213.51
16,471,48,329.92
23,1242,99,110.71
86,1976,55,210.94
67,1159,41,144.17
21,1154,26,177.74
93,351,80,352.34
99,250,14,165.61
59,1474,34,205.74
88,1884,93,381.8
60,1864,83,50.94
70,1277,34,305.14
81,1931,63,71.25
64,1757,64,187.11
58,1678,70,377.62
65,341,18,278.97
66,1014,65,428.17
46,1382,15,329.9
62,797,65,51.79
56,1103,44,448.09
54,1336,95,102.42
61,446,71,317.03
37,536,87,309.64
36,261,38,135.12
18,1444,67,274.96
51,60,84,212.04
25,356,48,51.68
22,297,28,71.01
25,425,11,141.32
99,1539,9,386.15
86,1981,71,60.8
86,1888,81,62.69
85,1616,35,448.85
46,1535,36,120.72
0,354,14,296.84
62,1910,45,126.71
87,300,72,91.23
60,550,97,118.36
48,1574,39,165.52
37,1152,2,286.79
0,481,97,244.72
43,813,71,484.83
95,1112,43,363.81
15,1135,23,436.34
90,1578,61,335.11
60,1209,28,93.1
80,1081,15,249.29
26,495,83,182.74
96,1292,6,280.07
47,1651,45,385.82
36,1470,38,199.45
11,79,64,491.73
96,648,77,127.72
80,1404,70,319.99
75,100,92,295.87
33,701,28,83.5
38,297,19,482.76
12,866,57,219.78
59,1358,55,125.79
50,1731,70,267.94
20,115,13,191.18
31,50,86,282.09
21,675,19,465.34
71,629,99,342.15
17,1622,86,210.71
14,609,49,444.44
58,468,63,356.59
37,1307,83,146.96
71,1422,36,35.08
0,1262,51,427.87
44,1481,36,71.94
30,1925,47,312.0
94,1333,51,408.7
6,1365,78,354.33
66,615,90,80.72
56,928,81,297.02
47,1947,11,453.83
56,1148,45,468.83
72,861,30,22.14
1,1586,38,422.95
52,1847,32,272.35
82,1503,24,194.75
52,756,37,262.75
99,766,93,398.85
98,1699,46,303.98
82,118,67,403.5
49,1977,53,34.44
58,435,68,320.46
17,1341,3,313.26
5,1562,91,232.14
65,249,55,148.92
19,1309,100,321.91
8,1216,58,141.18
50,1538,23,161.44
4,1334,17,296.65
46,1938,43,420.21
76,214,69,466.67
7,775,77,251.85
93,980,6,400.02
63,309,48,122.06
10,1035,78,452.35
1,334,30,278.24
36,1710,3,20.57
99,1440,91,152.75
58,948,34,182.01
87,1070,4,27.29
71,1702,67,223.92
52,1975,87,126.92
32,916,49,86.09
48,1814,21,267.82
43,463,40,91.82
12,845,88,400.78
9,310,53,464.88
46,1223,7,236.75
13,1745,93,343.96
73,1635,48,141.19
40,892,21,432.73
76,903,11,75.55
45,125,18,306.41
98,1877,100,337.91
75,1916,20,465.69
49,1567,22,344.51
69,823,17,25.99
43,275,16,107.93
72,842,85,160.95
31,1319,20,319.84
87,896,84,251.19
52,870,32,333.59
60,1074,39,103.38
96,1277,95,132.53
37,1684,43,425.54
52,24,100,479.36
4,1969,77,144.12
63,1333,78,388.39
18,149,78,226.18
56,973,18,440.99
45,1041,16,148.47
83,1106,96,156.94
1,770,86,397.06
64,1637,93,481.08
11,488,26,77.65
22,1999,66,271.84
18,1544,87,167.68
99,193,45,445.94
81,1586,49,484.53
32,1220,28,409.55
70,543,69,377.23
20,1035,43,45.59
10,1941,77,242.1
85,1505,81,483.64
54,1428,5,16.34
88,802,53,333.47
67,229,19,444.89
91,1349,70,221.57
24,54,94,152.97
91,726,26,228.04
74,1328,51,499.39
18,918,34,187.88
96,1216,50,204.97
88,295,84,215.5
21,1330,59,148.55
77,1250,55,119.65
34,1797,16,147.99
22,1014,9,497.15
10,1909,76,461.42
82,1144,19,445.62
21,11,4,380.83
99,966,27,255.01
71,1424,3,389.56
54,1283,15,82.33
29,149,34,199.0
43,1095,69,291.77
65,1162,25,333.55
4,1826,20,399.93
12,1960,67,235.45
38,948,45,216.01
20,163,47,164.83
7,1183,16,161.14
49,1650,76,451.45
33,1590,95,169.48
18,1747,9,314.92
24,363,26,287.32
77,197,68,189.95
86,163,97,255.76
37,1444,85,468.73
76,1806,41,181.19
69,1721,90,82.64
86,1830,20,140.21
92,1286,47,348.0
44,1110,97,491.68
28,1445,3,40.81
19,673,58,463.05
96,453,17,431.67
68,385,49,111.56
21,1430,46,246.03
3,326,28,285.7
48,1168,57,242.5
56,988,13,127.49
18,668,49,385.22
19,32,61,387.67
17,659,35,41.67
7,1635,92,317.78
59,1804,9,484.55
96,932,87,471.06
3,1700,98,270.42
54,1709,13,381.36
74,1839,24,18.59
43,303,55,189.66
59,226,79,9.35
45,1433,70,26.54
38,1877,51,72.66
22,807,59,253.67
53,1955,36,345.89
93,370,81,34.54
7,740,46,149.68
93,1961,92,423.71
71,1618,3,414.33
81,578,48,174.24
89,1466,84,461.47
46,274,25,378.84
69,1977,92,388.9
62,1759,28,84.88
56,29,56,474.16
66,1987,80,123.96
28,1151,63,400.21
88,1942,22,411.21
48,1122,89,127.19
79,391,1,437.5
57,4,21,12.43
70,711,52,452.02
61,185,36,187.01
22,1635,25,152.76
26,683,54,275.73
63,1987,100,450.25
42,762,10,105.29
9,1262,13,459.39
14,10,10,312.96
37,1217,50,248.86
67,107,97,326.84
38,1462,39,260.72
77,867,26,276.09
79,1300,98,101.87
60,1908,95,17.28
17,1294,2,86.87
97,1555,81,241.19
84,1511,67,251.37
42,983,65,123.84
63,1374,39,13.67
21,876,1,281.11
50,1013,56,276.36
55,1504,6,27.55
9,1818,29,442.71
29,590,76,193.84
8,1851,74,473.85
2,1927,48,337.82
12,1358,65,43.54
9,649,38,251.06
95,260,64,79.86
10,1748,78,482.96
41,1187,72,359.08
78,1739,65,347.66
75,1259,82,333.94
30,1012,29,11.41
32,1253,76,402.34
33,706,19,449.9
98,86,13,261.59
97,999,10,207.84
79,299,77,282.6
12,1394,48,319.87
60,1071,60,74.14
32,522,98,176.73
41,1048,55,237.41
25,1506,66,257.4
4,1045,95,129.41
73,281,96,438.49
15,726,46,398.04
2,991,4,65.87
2,38,11,429.99
19,1220,30,488.22
42,346,19,161.98
49,1160,66,307.36
94,316,37,174.96
5,807,69,435.65
65,1996,27,142.59
29,1617,46,472.54
52,469,77,158.27
80,1556,86,316.47
91,1598,7,311.25
36,1377,31,145.15
12,568,33,106.14
96,160,31,154.12
12,1687,20,424.75
8,1416,14,354.0
4,993,31,60.51
5,1343,81,58.8
32,669,3,463.03
27,1408,96,101.25
42,1814,15,134.53
76,1237,84,378.13
1,432,31,499.25
94,1891,72,22.39
65,263,94,120.62
4,1129,18,34.8
67,1239,45,47.13
66,1734,6,15.44
96,1462,4,171.04
50,1875,20,361.67
84,58,61,278.1
95,693,94,328.3
13,156,32,457.96
30,455,24,22.23
79,211,61,161.07
99,1883,50,65.92
9,1057,7,381.9
79,911,22,354.6
20,470,86,147.9
43,1162,40,190.08
42,266,99,50.91
53,529,8,286.23
68,1916,77,201.2
76,87,47,158.38
93,335,48,401.05
58,1367,48,444.86
55,1603,63,369.21
90,137,6,495.76
1,1195,26,484.22
58,102,41,32.96
60,704,94,497.1
90,1864,18,70.75
92,1382,42,108.24
96,532,23,161.38
62,1044,62,129.27
46,974,65,124.63
98,1554,2,200.08
7,422,72,274.31
76,998,71,139.26
35,819,79,252.35
81,1588,9,420.21
76,1608,46,83.02
53,1160,86,140.11
78,1836,54,340.66
49,1712,21,185.23
68,1237,37,385.53
61,1477,57,75.0
73,1608,58,63.11
5,371,96,231.49
87,1270,7,456.19
54,1208,33,140.58
51,196,77,135.35
81,1576,71,421.15
12,215,29,252.26
80,824,39,107.73
42,1607,31,262.16
76,670,91,421.93
80,1240,65,476.51
50,423,17,258.94
39,722,24,281.76
43,1396,70,388.29
31,500,20,497.56
1,884,2,382.74
22,1194,99,78.29
64,614,39,404.11
55,716,72,271.13
88,1370,26,143.98
22,139,28,64.22
21,1629,83,267.53
93,28,37,389.75
28,201,72,374.38
82,1323,45,179.3
96,1650,66,143.98
96,158,46,292.33
91,1002,70,36.94
97,994,98,234.92
91,100,4,111.48
92,139,68,240.78
99,1793,35,460.97
86,1685,50,385.88
56,1519,50,160.68
0,6,87,288.61
45,291,52,431.67
29,1354,52,152.99
56,819,76,484.25
75,1622,77,314.65
39,1355,30,479.56
27,24,75,241.25
37,462,13,424.55
59,512,77,286.68
0,1475,36,255.56
77,1590,59,111.98
43,89,19,209.44
13,1195,71,109.29
29,601,20,487.87
45,298,87,160.72
64,1830,40,38.6
8,382,59,426.24
25,1813,10,133.31
29,1298,70,248.66
30,212,85,246.29
56,242,20,82.35
74,357,45,279.98
39,1835,44,34.18
3,182,66,5.47
13,1545,31,406.43
69,1951,28,213.43
34,1105,67,255.19
93,776,60,425.89
80,1781,64,177.54
37,156,58,131.11
72,220,4,88.95
26,207,79,216.42
82,1514,93,172.3
89,771,6,494.26
48,690,4,123.7
36,1969,86,425.07
14,1689,13,98.31
23,699,100,212.74
95,148,85,452.52
81,344,24,297.99
23,1992,72,430.0
53,1355,9,345.51
39,582,40,103.41
47,719,85,148.78
88,517,81,283.78
3,670,66,151.09
58,1784,20,264.32
22,1624,91,479.9
80,790,88,232.17
79,209,25,480.5
39,461,37,434.78
11,1670,87,368.8
16,1658,16,369.02
29,1863,1,408.93
13,59,80,344.91
7,1524,61,482.52
13,40,46,203.84
89,1794,14,411.15
11,1796,13,41.66
65,1266,48,425.58
49,951,8,185.79
51,1525,24,174.56
89,1573,74,29.35
1,105,2,100.73
30,1883,53,274.32
42,1785,40,263.38
62,1041,82,9.02
78,105,4,287.14
58,391,57,321.81
0,1077,19,60.63
30,69,53,189.55
16,1884,52,7.62
47,1850,90,435.5
2,1986,53,393.94
83,1448,79,413.49
19,1751,80,185.37
96,905,54,272.4
68,915,44,411.71
70,1267,90,456.09
38,180,56,356.33
47,1434,93,41.21
67,1016,24,426.39
28,1418,63,104.08
51,1860,5,384.81
51,167,91,464.09
94,1712,62,252.7
24,659,65,363.16
41,448,35,191.75
40,1055,40,282.68
14,935,67,145.0
92,823,97,112.82
57,1005,59,127.5
91,632,85,263.02
23,1162,73,491.99
54,828,9,292.51
84,211,69,160.3
17,323,21,254.68
16,1754,73,144.03
1,902,18,228.1
5,72,83,438.29
47,97,85,398.77
23,123,63,390.46
7,645,26,495.39
27,1451,8,238.15
66,1867,1,271.24
36,1102,8,497.08
44,1875,47,58.91
91,1130,82,6.08
14,1084,36,148.48
80,1600,45,283.16
37,87,24,181.0
84,399,42,395.29
17,1606,62,480.95
50,168,72,313.85
28,645,5,97.76
79,993,67,138.36
71,927,9,193.12
51,578,62,326.18
68,1025,77,262.85
79,789,21,493.31
2,1479,34,180.23
15,1949,19,313.13
29,875,9,115.93
60,720,11,440.88
96,243,13,391.78
25,513,79,125.29
8,349,42,488.83
20,1307,51,102.29
26,17,69,420.45
93,30,69,342.69
29,1491,7,119.54
20,1464,76,235.61
74,129,94,365.32
41,399,20,477.8
12,1337,51,75.03
51,115,15,273.45
31,1073,53,465.79
86,634,70,404.52
96,1635,70,319.91
98,1878,70,250.67
35,1259,91,234.92
25,1844,10,239.44
30,1176,54,275.61
2,354,20,365.6
58,1257,100,300.92
94,269,5,205.89
36,1369,28,88.12
4,1115,8,210.14
51,236,91,405.25
21,386,8,401.06
48,1163,37,411.23
49,1493,31,246.34
99,1386,24,254.55
72,729,7,315.84
13,1875,10,104.36
68,156,66,26.88
1,323,91,40.94
36,337,31,6.48
55,511,92,408.48
53,938,12,138.09
70,430,50,179.31
17,1706,74,161.42
60,1114,21,222.26
39,496,37,65.2
50,1799,90,243.67
48,1531,41,39.1
31,1018,93,63.84
88,1587,20,289.54
84,435,72,477.8
62,530,89,127.93
91,609,63,203.55
94,1732,68,405.95
19,1726,86,339.23
20,407,91,499.84
93,926,56,13.82
43,1947,49,61.36
24,1451,18,116.56
52,131,29,460.23
30,1254,18,111.48
94,110,31,341.24
33,505,92,228.81
90,1109,59,215.32
93,166,27,111.84
80,1569,42,350.08
94,194,5,398.27
30,192,31,9.41
86,1751,71,399.06
50,1979,51,66.48
70,518,19,51.75
60,32,7,217.36
9,1966,99,375.2
20,969,31,68.13
70,553,69,62.33
89,5,47,305.99
93,453,82,64.96
54,395,20,125.56
32,1169,88,413.15
18,703,65,368.16
1,1732,38,15.05
89,1648,47,454.41
33,1527,59,413.06
57,621,11,74.08
97,1627,15,454.27
96,1497,51,451.2
43,1490,33,36.5
47,1776,79,326.65
69,1369,70,478.22
24,907,34,155.65
80,1335,87,142.49
30,1203,3,28.84
56,701,82,387.03
31,284,77,344.13
57,1421,8,483.51
22,1525,69,92.57
27,1,90,469.18
52,1820,44,118.5
26,857,20,174.26
58,1269,95,408.57
47,932,55,475.54
56,371,16,338.98
7,688,5,452.36
0,1831,79,270.38
75,967,17,428.71
52,1218,100,430.19
0,1259,69,368.07
62,636,54,190.5
70,1934,75,450.05
4,1515,51,349.81
10,1665,55,263.29
1,742,60,390.33
70,18,68,149.27
50,131,38,322.85
33,253,33,404.54
40,1136,57,201.71
60,1732,88,154.89
60,580,87,154.77
94,920,71,332.56
61,1604,60,146.77
24,1118,32,80.43
82,1665,33,86.25
70,894,66,399.04
1,843,97,140.2
62,903,17,231.13
43,763,10,176.05
75,618,61,116.46
73,629,44,286.98
77,620,26,342.6
28,1819,30,475.35
14,1032,60,174.07
19,803,67,104.6
42,438,39,350.46
45,1670,4,290.1
76,1887,29,390.45
58,9,91,433.0
93,913,81,210.1
75,1568,31,136.75
88,1530,81,438.74
35,1218,75,439.69
67,394,41,188.62
30,1139,38,284.78
72,1039,56,22.67
67,66,29,470.57
28,1593,14,402.58
4,206,85,90.86
35,1720,41,297.18
17,220,77,438.56
62,541,9,371.01
60,1809,95,201.79
55,992,18,332.94
51,1384,90,151.08
66,1200,33,279.85
98,970,28,309.27
47,58,38,46.43
92,1389,3,241.58
62,1594,73,363.5
4,1187,38,395.41
15,48,19,189.72
17,137,94,207.14
12,1859,44,117.17
78,959,27,433.92
62,1290,31,344.12
82,1547,9,289.95
48,1231,24,182.45
65,933,81,399.22
43,162,9,428.71
35,385,25,496.96
92,360,48,66.17
21,606,14,76.31
47,740,39,224.17
76,267,46,96.34
65,1274,21,94.86
76,1800,44,59.58
72,1941,85,463.76
39,1492,83,24.61
93,885,17,472.64
15,810,78,62.61
70,1406,81,304.72
38,23,46,455.92
11,792,81,271.07
62,1813,76,62.2
93,693,54,140.78
8,891,74,377.13
37,860,9,405.0
27,1626,53,469.77
14,488,33,22.71
64,1370,63,274.21
84,849,26,356.66
77,521,13,441.56
2,694,39,69.95
63,540,55,81.42
7,671,65,254.81
63,1786,53,54.0
9,1154,39,229.86
23,1228,77,318.73
23,792,44,328.95
60,1469,67,478.6
74,1999,34,30.08
69,969,98,370.86
82,1447,3,485.3
61,1516,15,433.2
6,304,86,309.74
54,704,56,34.46
67,353,8,162.9
88,1645,16,215.8
1,292,60,183.77
70,1534,52,419.4
95,717,30,186.93
95,873,84,267.24
3,1974,20,370.12
1,1181,24,425.22
26,21,44,205.93
32,672,97,361.79
16,205,39,333.75
40,1897,16,404.57
66,811,24,499.85
56,694,48,29.75
0,69,54,405.35
16,566,62,202.59
61,290,70,91.72
25,1721,9,418.78
78,560,77,346.41
81,852,81,324.25
50,75,64,71.25
17,1259,66,384.02
59,218,78,301.88
88,1053,37,259.25
52,1092,5,64.9
9,258,79,320.45
14,1723,72,98.96
83,1204,8,32.85
44,324,79,288.99
64,1979,85,318.65
37,1925,10,314.79
18,1615,35,371.7
64,714,26,165.88
84,1339,35,78.45
89,1156,65,168.27
46,893,5,191.45
81,148,20,185.15
44,424,81,463.8
85,1283,45,70.69
61,1503,15,250.78
19,368,55,49.97
79,646,23,403.43
31,779,92,348.02
58,1729,15,223.91
17,928,92,179.66
10,1794,39,147.04
69,1902,54,467.46
44,258,13,220.44
46,303,42,67.55
34,1368,69,157.04
67,935,44,183.15
54,952,77,390.12
34,1654,32,264.08
83,1255,47,148.06
61,1805,44,200.14
46,69,45,186.76
93,933,17,300.91
24,1059,28,234.45
70,1193,67,469.5
31,1039,26,127.77
75,1178,48,408.06
49,652,3,177.99
70,420,42,408.57
12,1052,74,490.64
27,1791,57,414.51
18,950,51,321.3
18,135,77,224.47
92,1291,18,48.02
37,1381,82,410.96
86,77,19,416.52
49,420,100,309.36
27,1502,11,370.57
16,287,69,488.66
93,1638,68,202.93
64,1805,59,353.73
10,1481,53,421.53
81,153,67,224.95
41,688,15,427.04
34,85,36,385.97
7,1944,71,224.75
49,365,31,64.12
91,35,99,477.44
58,1207,36,476.98
9,200,2,124.73
79,994,37,155.29
81,1936,4,303.18
39,150,98,304.83
40,1628,77,270.29
59,1874,81,413.43
51,1730,72,142.71
20,14,89,446.25
10,908,51,266.31
11,1018,62,84.86
78,1049,17,95.91
3,1007,22,207.89
91,870,41,21.44
48,1498,34,391.48
79,126,98,222.82
16,1159,34,250.47
40,1971,13,205.98
41,269,20,202.95
20,912,49,490.28
87,1282,16,109.58
57,163,46,17.08
41,789,76,124.11
69,1744,13,190.67
94,1472,98,403.49
17,827,54,218.73
50,128,7,69.14
20,1887,35,346.35
0,1960,68,304.48
69,499,35,349.22
1,1881,68,497.48
17,249,94,207.73
2,1666,73,84.12
17,773,93,72.11
71,676,73,125.71
73,972,87,124.4
39,1509,34,282.0
73,1718,58,292.31
70,1879,34,264.14
32,980,21,444.46
71,332,34,179.7
21,1363,97,450.23
90,1602,26,67.79
36,914,93,62.49
75,1501,94,359.3
83,1055,5,263.36
73,1172,27,97.08
36,1336,9,40.24
27,1177,50,373.54
53,1896,26,203.76
96,1578,33,385.8
89,1299,61,499.19
26,263,22,413.58
22,1086,92,332.93
18,863,16,71.41
44,112,80,462.7
65,311,81,174.0
35,1127,3,193.29
7,1225,53,175.07
82,1963,61,229.11
90,1187,34,404.3
89,621,68,187.94
13,631,20,308.1
45,541,54,396.0
43,1598,5,205.96
42,1206,94,241.25
36,1234,5,148.45
76,1552,72,448.16
31,180,51,499.81
18,436,74,287.95
51,438,95,36.92
94,504,28,494.4
45,1195,57,270.53
90,537,3,95.13
29,1702,99,407.4
49,874,63,60.28
51,32,17,371.79
71,1229,7,105.12
99,638,25,423.1
25,1691,51,9.07
11,1231,80,381.01
99,505,9,186.76
29,1668,100,148.83
63,17,4,165.23
96,387,5,225.63
27,1773,27,284.73
19,1269,72,230.12
25,1013,100,149.45
97,1923,87,290.71
81,1503,48,63.51
7,431,46,445.34
52,51,10,474.71
69,806,7,83.32
22,849,44,27.1
30,1848,100,166.16
79,998,28,400.52
28,1303,74,192.47
22,777,73,308.91
46,829,39,347.28
26,770,67,211.28
74,1977,46,179.9
54,233,96,441.38
14,1953,1,108.62
56,290,12,489.74
2,1568,30,421.54
39,612,85,442.95
13,1198,13,45.18
87,1189,67,62.18
23,927,75,338.48
70,1104,14,206.66
49,487,9,450.31
10,120,94,73.46
3,1950,17,389.94
85,190,73,314.29
56,735,85,156.88
29,933,48,36.84
23,1384,32,81.5
41,1235,46,389.31
54,1835,13,474.54
50,1669,26,162.41
48,446,3,483.13
96,1193,68,449.26
51,458,82,15.76
13,880,34,289.53
45,1349,68,21.77
55,1277,81,7.74
57,1524,52,217.53
20,393,99,325.3
41,1538,18,494.12
40,1584,29,427.11
82,1745,19,325.27
59,821,9,450.91
48,1186,39,25.95
3,580,38,10.39
31,1553,70,255.12
34,1100,27,453.33
50,1817,3,493.59
42,1587,67,19.2
90,328,23,331.28
46,707,78,257.61
89,1361,20,46.4
53,1861,35,188.3
79,1396,100,188.87
55,185,38,304.01
25,1847,25,167.53
65,1844,52,491.44
0,234,17,486.06
35,532,31,117.31
72,251,33,192.3
89,1907,91,119.98
6,1264,80,116.41
63,1890,32,138.63
45,624,79,466.48
65,1269,36,273.51
84,606,61,52.09
7,1419,36,419.07
36,149,100,205.74
46,141,85,443.56
52,189,32,435.82
80,1540,7,326.98
99,108,2,345.54
90,1263,9,472.13
0,1686,11,199.75
20,1917,90,218.13
52,809,64,264.92
7,317,21,338.83
85,799,6,339.69
40,1965,59,474.63
27,329,2,124.21
39,1850,30,25.87
14,1219,91,32.51
35,698,27,169.21
78,74,22,191.47
43,1656,90,168.91
69,852,7,331.32
44,948,36,278.69
71,725,46,149.62
35,1810,47,363.56
19,1474,99,113.07
35,1845,38,368.0
23,1990,60,235.48
41,75,66,392.09
5,7,43,319.41
98,916,39,490.06
34,1237,36,39.03
25,720,56,184.69
34,655,91,244.12
33,122,67,158.1
92,572,52,394.67
4,1984,14,144.46
80,1326,43,481.94
17,91,25,404.68
62,1175,99,134.47
93,1231,70,287.08
73,102,85,192.58
53,389,29,29.84
16,1310,50,336.78
36,690,73,390.48
1,442,80,32.05
72,801,57,265.43
64,1820,33,424.34
67,269,53,190.91
91,388,24,185.29
5,898,16,162.94
36,17,43,215.39
15,1348,45,174.89
59,1917,97,343.72
37,670,28,430.44
34,424,21,416.9
33,65,70,269.71
26,1810,69,273.8
68,467,42,148.79
13,506,3,397.71
0,497,49,158.37
68,1983,18,491.0
81,538,28,203.66
60,153,80,36.44
62,1941,80,440.77
16,291,77,403.17
96,1238,29,121.97
11,377,54,217.88
40,1195,29,409.0
29,1538,19,31.27
79,1178,15,468.26
12,689,30,82.44
8,970,35,183.67
90,1732,74,174.32
11,600,11,391.9
90,228,1,493.84
14,902,38,267.12
87,1781,44,273.08
56,402,61,278.85
10,1947,18,295.54
21,46,53,346.76
61,883,86,72.7
36,1478,91,432.07
84,1812,9,133.21
1,150,42,128.24
51,736,59,57.84
93,816,76,415.61
15,1192,11,9.37
54,1463,62,120.47
93,1229,70,61.05
68,1301,93,253.37
54,1526,74,88.98
40,1592,89,475.95
78,1828,72,126.48
29,554,16,71.0
52,673,46,336.63
1,149,92,336.66
70,1042,45,86.96
21,377,66,246.01
45,872,65,179.69
61,1806,56,377.97
1,1639,14,166.66
99,263,69,432.19
90,603,66,63.64
75,870,80,388.79
18,1492,21,201.53
52,80,92,396.21
26,71,37,413.72
99,696,87,474.69
38,230,65,342.23
76,888,21,309.46
60,320,18,47.22
24,14,13,373.87
71,1094,62,402.29
93,1252,14,245.92
21,1846,33,480.71
3,1227,5,232.34
91,590,31,292.24
63,132,45,66.83
41,1278,83,225.62
73,1141,53,64.42
60,341,47,145.83
66,1420,46,263.85
26,1120,36,146.98
51,965,23,391.73
58,1785,22,138.89
65,1584,33,420.5
27,1849,2,189.02
47,446,40,80.55
48,1908,8,43.4
37,1758,12,83.21
18,1914,2,496.62
56,579,68,251.34
81,791,88,213.04
71,1775,91,163.48
58,70,64,216.08
98,1747,29,444.3
6,1707,9,113.05
30,558,84,386.97
4,587,16,161.78
66,231,66,294.65
53,671,24,367.74
27,22,100,138.6
95,1103,78,394.69
45,247,37,219.8
32,1564,15,197.82
44,1525,48,20.65
20,1227,32,450.33
35,1087,13,448.87
23,1999,29,33.99
75,1944,1,129.35
20,1763,66,166.36
45,1753,49,484.39
36,1461,52,14.76
52,1727,14,378.9
87,1699,12,170.82
68,68,93,340.78
63,201,16,446.39
58,199,21,363.71
79,1277,30,270.5
16,1381,72,238.49
82,1813,65,172.43
7,134,37,30.7
22,1786,88,333.78
22,170,71,47.3
36,215,23,20.7
91,1644,37,112.52
28,576,36,51.31
11,46,56,12.02
55,244,81,464.14
26,1311,76,447.71
60,1017,19,248.73
35,492,71,343.87
98,976,94,195.49
95,1295,3,466.13
27,1086,11,427.09
59,522,20,499.11
48,998,48,107.69
54,1904,66,64.78
47,1593,78,199.37
84,897,23,215.21
24,515,8,350.83
1,304,1,23.42
25,384,29,466.77
2,852,17,371.81
72,736,63,286.07
74,834,23,60.66
16,1069,18,284.09
72,1742,34,266.14
39,908,67,298.58
57,377,29,85.7
96,1366,2,155.74
99,1555,68,420.32
94,1683,18,75.45
43,506,69,428.05
12,1212,94,427.87
3,753,79,112.53
89,1380,10,288.35
65,1165,63,208.11
24,1989,46,171.02
83,418,74,277.44
71,1382,19,93.88
99,1543,31,30.41
52,377,51,231.38
31,1704,30,82.58
23,540,2,261.18
81,1640,86,243.29
5,1717,30,118.3
57,814,95,16.2
85,893,16,373.07
6,1716,51,459.67
65,1177,88,156.28
95,743,52,106.83
32,1118,31,205.54
18,13,19,22.23
29,1898,57,292.62
72,1070,24,166.21
3,740,99,338.85
14,482,85,224.57
67,408,28,223.96
5,899,23,128.88
88,1698,39,445.88
14,675,38,78.03
15,1085,3,56.77
94,1790,18,308.97
63,941,15,306.03
94,1682,89,295.92
93,113,31,211.96
32,739,29,250.48
84,216,44,14.97
29,1934,64,293.58
41,1710,86,493.56
12,160,49,60.8
72,1218,21,309.38
48,137,58,212.3
40,155,46,95.73
87,526,78,178.69
57,977,52,282.26
54,913,2,83.86
1,1394,49,73.49
38,999,86,244.09
70,1339,77,45.48
26,1059,56,121.34
70,17,83,241.81
1,814,92,440.7
92,225,39,309.24
15,1626,9,388.51
60,1102,19,315.3
53,180,71,222.2
86,1665,30,494.68
53,1448,84,266.79
77,1766,48,244.74
11,1879,45,436.39
13,1241,48,408.84
71,1218,83,312.01
76,1763,53,97.96
55,1000,42,413.44
58,25,4,272.56
79,1349,25,454.19
43,1391,3,209.84
12,1183,35,41.12
55,1156,53,151.61
27,533,10,186.04
6,361,58,378.58
7,264,2,476.79
52,1067,100,264.4
39,135,53,197.4
34,1607,35,183.98
80,1044,82,233.43
91,1461,97,88.1
3,601,57,472.52
6,1345,61,338.75
96,1322,69,397.62
46,633,93,372.38
88,1038,87,172.46
45,326,22,397.18
83,665,90,334.73
97,618,12,264.22
30,720,100,473.39
84,1611,84,312.34
9,1845,36,386.54
89,953,10,227.88
94,1832,1,286.3
69,448,59,52.16
40,1540,49,283.11
90,66,53,264.22
64,1502,47,312.06
82,1110,17,27.12
35,579,99,386.64
66,715,93,86.26
18,354,46,95.43
95,1683,31,72.53
41,1419,57,217.15
49,896,69,74.57
36,1770,12,306.09
82,1749,40,71.55
47,469,16,246.32
53,1880,38,264.25
91,416,19,284.64
53,732,3,107.62
92,1821,75,116.59
88,595,29,451.72
64,1608,16,138.45
8,141,27,128.38
55,553,68,144.59
92,1779,58,118.08
39,465,41,109.27
34,740,90,80.78
86,1919,60,135.44
14,411,78,8.86
49,1173,9,325.23
46,80,22,361.72
52,1143,37,246.21
11,1342,23,264.33
81,488,13,175.2
32,1629,54,261.99
33,1230,31,107.62
38,1671,84,295.66
90,1273,40,485.13
82,1821,73,151.6
58,1503,49,107.73
69,840,28,65.85
64,728,88,185.01
24,1033,24,268.84
85,588,96,413.66
36,379,55,240.7
78,1748,88,45.29
55,1803,50,377.99
25,584,40,247.58
80,1489,14,304.24
99,331,83,329.5
69,1801,80,255.51
43,645,17,438.49
38,1067,28,131.04
50,1057,29,466.13
46,805,27,261.69
45,320,30,35.93
13,1302,35,382.42
84,1779,53,224.32
24,572,37,38.49
51,109,67,484.04
44,142,2,100.37
33,946,89,28.87
99,67,58,99.68
67,423,34,263.63
1,542,59,117.2
85,551,41,66.1
29,0,40,75.98
58,1077,62,469.44
7,1263,22,265.43
12,677,57,120.48
98,1621,72,456.86
4,1633,27,347.5
28,322,11,150.59
45,1246,17,364.11
54,442,81,189.89
46,493,26,42.91
99,1114,96,274.03
6,875,14,389.47
96,136,46,184.69
81,41,39,19.2
26,1754,1,323.66
16,511,11,126.52
16,1187,97,437.64
13,412,14,357.83
84,969,52,406.76
82,1589,12,284.56
0,1637,12,153.22
89,1119,70,371.87
15,177,19,193.74
36,1828,17,160.6
37,849,4,49.59
66,483,42,209.41
94,606,69,114.0
68,371,81,84.97
77,1119,44,141.96
96,399,68,415.48
86,6,58,101.25
11,1288,13,41.58
34,1393,52,282.57
37,1130,53,52.61
34,1899,4,364.83
47,830,78,135.58
64,1313,51,337.12
63,1594,18,354.31
9,1674,71,155.14
41,272,23,376.42
39,1929,24,116.01
26,855,44,212.96
90,1920,65,442.88
65,1841,42,91.68
99,89,18,246.99
89,570,42,471.7
95,800,10,53.07
71,1152,90,9.44
96,347,10,203.07
24,1016,67,219.89
87,1762,30,144.56
94,1916,99,28.44
29,580,12,314.77
50,344,40,189.48
78,63,85,250.04
57,1340,44,437.61
38,1207,96,284.72
97,1293,24,184.31
44,110,53,311.46
98,1428,4,464.31
44,1567,72,81.29
89,1613,23,276.53
16,234,40,133.68
85,383,98,375.26
89,1048,55,201.81
93,1481,46,210.29
92,551,66,238.0
37,1438,41,348.09
93,303,44,482.49
93,60,15,231.26
50,867,68,7.29
62,10,63,73.66
74,1119,96,21.62
45,761,53,376.3
66,1116,2,379.52
81,642,98,384.84
23,249,29,373.42
87,1014,55,22.73
84,1583,93,425.65
57,634,57,13.05
24,364,30,157.67
56,1863,69,453.03
73,1647,97,205.73
3,1644,35,399.46
98,225,79,458.43
45,601,95,452.61
25,1770,56,392.71
56,1638,55,433.03
59,14,84,436.02
5,1879,10,216.23
23,1179,1,209.68
31,1115,98,194.48
57,1075,1,48.12
91,114,82,293.8
63,1045,50,249.31
60,1283,88,185.08
86,1809,72,33.5
64,1247,5,351.05
96,108,57,375.49
99,1704,50,479.61
77,731,93,472.95
20,1658,88,247.79
35,970,25,231.35
20,300,7,382.16
18,408,71,80.62
89,804,22,78.36
41,517,11,405.05
80,1702,25,258.37
67,587,73,281.45
32,1557,62,377.41
74,1604,47,316.83
61,256,93,261.24
20,501,54,61.16
73,1181,89,105.0
95,229,33,340.5
4,931,32,344.52
56,1596,93,77.23
94,1287,55,244.25
69,901,66,103.74
22,1866,8,83.11
94,1805,31,182.73
35,284,3,448.94
56,811,80,447.89
5,53,11,298.6
40,1937,51,117.42
54,908,74,421.94
86,1310,89,170.26
44,584,46,83.61
37,550,54,142.61
24,326,35,436.38
58,1891,4,204.38
66,1274,66,132.67
49,1652,24,300.56
93,1844,67,93.63
98,1360,64,461.82
59,1203,9,302.96
3,956,40,231.23
84,874,46,56.01
94,415,35,391.03
41,286,5,254.26
80,1684,45,368.49
30,998,29,301.31
3,118,93,443.38
18,1418,20,251.22
8,530,38,411.35
41,225,29,30.22
67,514,84,29.3
7,398,36,396.53
0,1937,3,381.16
9,1445,36,325.13
21,1565,23,372.59
91,580,27,201.98
43,1201,28,127.4
52,1452,93,392.66
81,1692,81,193.92
66,884,11,497.64
28,423,57,143.84
91,1346,4,156.06
91,894,73,258.48
53,1684,40,188.42
94,1453,76,221.57
52,1468,51,172.73
49,605,4,305.13
78,332,83,26.13
28,1809,20,416.1
99,202,66,409.61
66,471,37,295.63
0,1056,61,270.2
23,1328,100,168.69
84,1263,33,456.45
13,488,53,394.08
37,1292,50,349.42
66,13,24,205.81
33,245,22,262.58
21,482,40,126.84
25,1389,6,117.88
87,512,81,150.64
3,303,41,421.16
23,1504,94,69.72
54,1573,46,62.05
6,1734,17,58.45
42,772,40,179.12
37,1737,91,118.02
21,1791,32,473.28
72,576,1,213.53
49,1134,94,289.47
74,132,71,243.06
29,1474,54,269.78
29,916,34,394.13
3,816,59,498.89
1,306,48,216.69
51,1043,33,339.85
33,1824,69,371.36
1,1643,80,163.36
77,553,6,266.38
98,1044,14,107.26
21,358,50,130.13
45,496,15,220.91
41,1534,90,434.25
10,834,80,331.18
23,1947,61,418.41
17,1636,72,425.73
57,732,78,259.42
74,760,99,207.24
89,565,92,373.24
70,1828,72,218.71
83,1389,46,458.71
63,1603,71,249.27
87,737,25,158.65
95,843,40,122.65
52,508,75,50.7
43,1827,82,490.48
96,1867,28,20.97
1,1035,100,481.02
72,1702,85,178.36
44,728,16,476.28
74,344,31,157.57
62,584,65,489.03
55,1745,51,27.3
7,1589,22,257.91
98,531,25,40.12
14,1474,98,360.71
69,1150,16,399.63
28,1337,70,20.94
9,777,56,258.04
18,949,59,65.08
6,1474,59,247.81
13,721,20,301.81
92,1436,99,31.28
42,23,4,13.82
37,58,19,5.82
41,842,16,498.95
56,229,99,144.3
90,1018,74,83.99
30,997,13,360.52
22,198,52,345.4
99,1055,35,267.92
84,998,53,392.99
65,1151,57,308.53
85,290,24,43.04
88,1798,73,336.87
17,720,70,204.7
21,1229,4,263.08
15,1723,80,129.86
98,1177,64,303.59
88,120,77,214.7
82,111,79,388.56
71,15,74,207.25
70,920,25,272.01
68,1051,50,212.77
74,1777,78,222.23
80,1644,82,42.53
34,450,14,243.3
51,1505,84,5.96
54,1837,85,219.33
5,1491,39,371.79
80,787,41,354.92
21,43,21,95.61
25,1031,20,163.45
90,151,96,409.01
12,812,91,327.12
29,1548,82,17.21
77,503,96,59.99
76,1821,95,70.07
95,1940,12,459.13
97,95,61,360.4
75,414,61,206.07
78,1939,7,357.72
23,917,36,281.61
15,265,86,408.31
18,28,11,39.21
51,1408,74,494.89
71,1477,87,394.05
34,808,95,219.53
78,987,56,376.89
56,392,74,158.71
15,628,50,79.14
86,1399,17,196.87
39,414,65,385.37
38,1373,49,92.19
1,1526,82,437.61
82,912,68,74.28
96,1917,77,488.34
92,64,40,210.47
8,659,84,381.84
94,323,44,252.85
34,1246,14,400.32
83,25,42,325.08
20,941,100,76.24
1,1024,95,161.52
44,251,10,82.26
38,160,59,175.76
11,185,100,166.02
1,1483,59,196.06
99,1019,62,92.07
73,1161,85,489.49
6,671,36,85.23
35,36,53,136.43
63,812,48,463.12
84,1660,21,482.69
51,1877,58,192.26
79,1478,60,449.78
14,300,34,60.66
29,203,54,489.63
91,285,56,130.22
93,698,77,94.8
48,1576,92,95.61
28,701,56,331.69
40,612,63,448.21
32,1020,22,330.46
46,517,50,319.68
43,346,28,472.02
95,1058,59,62.6
86,626,46,224.17
10,951,40,45.44
99,846,72,118.14
72,142,5,142.23
78,217,54,156.76
41,383,57,126.18
17,969,58,300.1
89,338,62,127.05
37,1279,100,304.42
84,18,48,327.87
6,130,74,308.66
2,843,52,264.55
42,354,28,381.41
56,991,32,275.11
62,981,28,180.18
82,127,27,131.46
61,1322,3,461.21
61,396,91,425.89
97,1075,14,36.06
40,1220,83,389.74
56,1929,31,168.75
15,763,70,38.04
50,884,91,320.28
10,282,79,396.98
19,832,31,24.58
33,811,31,56.23
87,885,51,60.72
75,1875,98,130.44
95,1872,37,467.64
0,1527,56,149.2
9,188,6,309.43
27,930,95,211.58
3,1146,3,184.48
45,209,15,30.62
30,494,32,433.96
49,1007,60,257.98
16,1549,39,79.15
1,1900,46,494.42
46,1446,96,303.5
24,1875,73,187.54
76,514,79,466.21
66,1354,4,189.65
19,1237,95,57.9
7,56,81,409.74
80,1641,84,234.63
11,1451,91,126.6
35,739,45,227.53
50,836,35,333.1
4,1971,15,122.86
44,189,94,430.37
67,1029,24,428.44
59,1573,62,235.73
50,221,52,32.66
44,1521,62,148.59
95,332,76,446.87
98,1232,51,464.28
99,1847,18,320.04
68,1493,11,455.26
22,1210,80,348.47
16,1553,64,388.97
85,611,63,9.08
12,70,97,228.8
37,1566,24,365.85
42,810,24,480.89
76,928,23,41.26
2,531,12,103.84
10,1850,92,103.44
77,1172,65,372.3
8,211,19,324.52
31,423,100,435.33
58,602,60,35.41
73,104,76,94.64
11,1571,24,478.89
16,1885,69,237.91
0,266,29,114.61
55,989,44,224.44
28,839,93,314.73
52,636,58,420.07
0,652,17,88.32
33,474,41,70.96
66,212,6,159.47
95,1136,66,153.34
22,429,41,62.45
75,1015,51,175.73
99,473,22,473.26
28,564,42,18.02
90,849,87,290.46
90,1011,53,320.66
47,641,25,367.98
3,1054,7,497.61
24,1783,8,182.91
74,1727,5,49.02
83,577,53,293.62
46,972,88,359.53
46,866,10,7.32
96,235,66,119.98
87,1779,68,18.2
15,410,59,479.06
16,9,83,40.8
93,663,57,65.25
17,298,90,444.38
4,1479,77,336.04
23,446,36,241.66
0,1621,62,96.55
69,186,13,239.32
75,1470,36,144.7
62,1148,22,251.94
63,1667,59,56.11
19,1667,46,245.06
4,965,59,263.71
58,1964,1,195.82
92,279,47,276.54
5,21,30,141.21
83,181,95,317.05
89,1857,91,150.79
22,1340,2,250.44
20,561,71,46.73
36,941,64,60.18
35,1627,83,409.18
88,948,85,464.44
70,1096,19,444.07
50,345,51,401.91
22,948,31,415.06
9,1436,72,411.07
60,1008,6,231.14
55,1304,42,211.98
67,1871,20,384.09
4,753,60,416.41
44,651,58,186.78
65,918,76,20.21
70,1684,33,195.49
49,260,98,310.63
85,511,81,430.71
75,1087,15,5.67
45,1857,51,498.78
44,744,82,486.05
60,1203,55,329.61
83,498,48,137.9
16,1158,7,335.86
68,1236,96,367.16
13,1969,37,211.86
66,1344,47,416.51
53,816,58,81.53
53,1342,83,391.1
28,543,95,312.92
51,1061,10,74.28
52,549,59,320.83
0,439,94,386.16
49,1835,39,226.65
37,1840,54,110.99
66,1993,72,65.42
84,1161,6,338.07
50,1882,69,101.13
89,1037,53,110.47
40,1735,21,173.34
17,343,70,208.28
4,85,65,76.97
77,674,13,424.07
53,665,49,13.43
18,604,30,246.54
7,438,43,143.55
19,1662,53,282.64
4,792,66,394.1
11,1203,16,391.77
26,315,65,147.77
98,181,51,279.5
11,990,95,471.42
75,536,40,157.3
44,542,4,312.09
49,1956,74,416.48
97,1441,75,230.74
67,1856,26,187.45
62,1922,41,137.28
26,673,23,7.02
54,972,20,378.65
64,1344,75,212.22
12,1711,35,128.25
77,598,48,325.41
66,292,87,224.78
35,1893,48,209.78
33,1905,88,87.69
76,1479,38,80.89
60,47,56,466.37
2,1137,25,288.81
86,1195,12,293.84
34,532,71,233.57
35,61,77,410.69
59,1088,86,311.11
35,1903,97,173.11
45,946,56,56.43
36,1139,86,64.73
30,5,56,363.2
93,1318,17,180.51
18,1046,50,250.88
25,1126,76,499.3
43,1371,61,172.9
1,579,54,348.99
70,357,22,234.38
98,1132,40,109.77
72,72,53,408.82
12,1488,6,53.06
13,1828,36,123.09
77,1154,88,496.54
61,233,5,491.91
86,1240,86,441.4
47,796,78,88.77
97,1991,42,286.53
61,39,18,347.19
67,651,80,237.44
67,337,43,174.39
38,1897,10,307.31
16,1394,37,215.64
57,1427,40,290.9
68,1964,54,42.32
52,511,14,399.89
58,690,77,7.44
69,1335,26,186.11
64,7,26,433.01
75,1723,27,442.59
74,18,84,385.13
28,331,85,360.83
71,38,34,190.05
34,474,86,59.26
31,728,28,356.28
28,379,72,218.9
75,1433,24,232.77
99,37,89,497.09
32,286,27,117.89
48,1547,99,38.35
22,795,82,373.45
46,77,5,194.59
65,420,98,16.14
46,139,79,245.47
78,400,58,212.18
32,1622,83,447.55
76,1657,64,432.58
30,4,18,276.94
75,851,16,57.24
82,1181,28,487.57
26,455,12,26.0
64,171,81,160.47
63,1969,34,337.74
36,1874,75,314.78
55,709,23,266.37
56,102,88,87.39
77,43,46,492.75
71,1792,25,64.52
25,135,30,130.76
14,389,55,254.39
72,631,78,198.0
32,828,32,481.28
93,481,95,140.13
31,1397,7,103.69
21,381,70,476.76
82,380,90,208.71
41,882,97,399.3
6,53,52,223.91
24,800,76,134.11
36,1057,91,350.73
69,54,56,193.58
35,574,83,361.13
57,1352,86,407.38
96,1160,3,292.16
21,831,51,24.42
40,1996,17,429.46
84,916,64,113.14
27,346,21,17.16
49,1776,43,95.15
49,873,85,472.02
26,886,81,45.52
4,957,14,206.0
30,1941,54,79.19
64,111,85,89.94
22,713,24,7.32
44,44,84,475.56
62,951,13,141.5
61,1465,85,378.9
44,1827,73,350.84
98,668,86,250.49
49,1617,64,237.05
66,278,74,192.79
98,650,22,345.25
57,1496,89,296.57
22,841,11,395.78
79,1651,80,223.02
81,1024,71,297.6
59,962,39,132.64
63,745,42,173.62
88,1153,16,425.91
72,392,100,477.28
31,1626,57,227.99
6,395,34,475.48
46,1072,58,64.36
91,72,12,288.13
24,338,69,86.41
99,1649,59,389.43
96,27,36,110.65
17,1875,66,263.75
31,670,47,493.89
77,113,14,381.24
36,731,49,93.69
38,1767,43,22.46
83,997,4,134.72
62,627,24,142.1
63,1379,28,212.18
63,531,80,41.2
91,528,4,169.22
71,624,42,360.21
92,84,67,361.99
51,335,72,187.54
88,1684,13,122.88
63,1426,88,63.53
13,1220,79,207.32
56,135,1,363.42
9,298,22,176.06
72,53,10,143.46
3,249,25,21.66
46,151,21,404.24
2,1519,5,140.51
85,1385,29,260.53
93,1486,87,27.63
90,899,61,379.36
55,94,80,329.27
13,1912,49,149.38
49,1051,8,285.73
63,559,50,24.8
82,872,99,482.39
82,1154,95,125.75
40,1681,52,284.42
83,666,49,402.17
97,1921,20,216.71
57,1894,93,38.2
0,664,99,52.62
45,1844,91,6.63
3,1839,52,36.65
71,1439,89,73.49
32,1763,9,277.19
89,297,26,217.11
62,1026,30,240.66
76,1698,69,161.21
14,1436,44,237.95
45,631,67,145.87
77,1931,3,419.23
93,208,25,64.7
78,1091,77,106.44
14,251,49,251.1
58,974,11,286.9
16,67,70,94.34
99,989,58,256.49
8,1784,76,129.92
75,894,12,479.78
56,415,56,308.86
1,521,59,351.28
39,162,4,414.27
38,529,15,194.97
73,1473,99,329.21
14,1282,88,178.51
49,757,8,137.01
32,839,48,35.82
8,813,64,321.14
44,914,20,7.79
10,1031,28,340.06
65,1286,55,88.75
60,1429,25,431.4
96,660,89,407.14
11,1839,78,252.12
4,190,46,488.81
5,749,94,359.8
18,803,84,118.62
67,560,43,26.79
81,650,8,432.13
23,1030,10,98.82
21,129,37,430.88
85,309,69,49.41
3,4,98,146.91
13,1850,41,76.77
32,947,80,48.32
42,745,40,179.75
47,1701,77,107.46
3,726,63,350.7
17,235,13,119.09
51,1157,71,489.59
42,1712,17,221.96
32,1663,24,252.58
97,1341,76,427.05
56,1775,15,288.68
87,58,29,11.31
56,1568,39,296.56
67,1695,48,70.98
74,42,3,344.21
20,1431,93,244.54
53,1041,75,166.68
9,1286,44,55.66
29,1147,16,442.59
98,748,23,112.01
39,1661,5,381.27
43,1564,54,335.95
37,1967,33,12.53
22,1647,11,176.12
44,347,9,101.73
84,104,43,115.07
71,1558,66,483.82
81,1757,50,107.33
23,1313,50,232.23
57,1056,83,460.2
10,817,33,200.12
1,1748,29,415.15
24,1417,11,281.85
93,136,3,93.42
84,837,27,435.22
78,1331,45,211.05
84,848,87,313.68
19,813,46,19.74
11,119,74,460.26
94,1018,40,99.73
81,1194,43,86.46
47,732,41,299.65
43,389,18,369.67
90,803,20,455.42
5,1233,27,468.64
24,1403,64,68.05
62,877,96,415.31
32,1438,18,304.81
58,836,2,84.43
55,1837,67,48.33
39,714,17,314.16
9,732,99,332.82
4,478,58,438.23
51,1461,55,207.11
12,1546,41,99.72
28,32,20,119.42
90,53,43,427.03
74,809,39,326.28
96,966,30,62.75
95,141,62,352.37
60,953,36,161.36
98,206,14,80.87
23,411,63,76.75
8,338,77,356.02
43,72,46,398.26
50,125,43,155.43
80,1780,97,434.8
88,1221,20,279.04
41,486,7,369.05
58,1609,57,360.73
84,445,98,315.47
73,1166,31,156.96
26,1134,38,321.32
22,1002,17,94.41
50,1172,83,63.28
90,769,4,41.8
26,873,87,469.68
71,684,19,216.82
0,634,57,343.72
28,869,90,234.85
55,764,46,154.42
67,541,98,291.23
16,274,54,277.47
95,652,72,197.23
35,1278,47,96.97
89,1160,11,41.95
19,988,80,216.01
72,304,55,203.96
90,302,43,92.2
5,1201,46,105.4
27,1579,23,31.1
7,388,92,218.76
83,115,25,321.93
82,1563,74,75.97
98,846,36,84.07
66,1394,94,356.09
65,1389,53,169.6
0,1055,71,325.69
20,844,93,258.34
39,407,62,432.87
8,1033,32,279.93
81,1131,62,60.54
90,951,55,66.22
17,1002,9,300.31
7,1809,33,198.21
14,1457,80,174.18
7,97,33,317.84
60,1463,14,444.17
44,1515,14,333.58
54,943,17,244.57
21,158,28,298.51
50,1769,82,78.66
47,731,17,351.17
28,22,88,64.05
46,739,66,346.93
18,693,39,278.91
99,10,11,375.77
97,245,3,403.7
53,1824,6,49.34
15,1845,96,98.49
85,289,2,297.24
67,1683,38,127.42
14,316,80,218.65
18,1507,19,162.45
36,1329,36,311.1
94,540,53,5.94
18,644,99,420.24
6,1998,30,47.24
97,1002,26,73.73
87,12,19,489.16
99,1209,9,391.17
46,4,95,397.71
42,139,39,489.74
59,196,63,302.89
6,1598,48,406.43
74,1714,30,53.78
72,1012,71,55.91
27,872,10,129.26
86,1929,90,384.3
2,190,64,223.3
22,502,46,449.99
8,755,55,425.52
51,1601,42,129.98
36,434,14,497.17
57,208,2,471.14
98,1962,29,372.61
49,812,65,485.39
32,370,40,272.24
22,1066,58,251.02
17,217,15,62.0
94,1349,91,397.83
42,921,40,17.03
46,1819,44,370.24
37,954,61,231.53
59,1857,19,219.25
47,131,43,468.84
76,1592,64,406.77
46,1544,90,274.27
23,1621,91,114.21
33,1150,90,373.48
87,1638,26,391.26
56,225,3,27.75
75,1284,34,30.71
0,756,32,341.29
41,215,35,230.49
44,1192,40,166.67
55,1272,99,164.12
20,1851,59,71.94
40,1225,24,305.51
71,1349,89,294.7
6,1449,27,322.74
69,1183,10,366.53
39,1708,25,436.0
58,1585,73,214.75
46,890,55,70.78
95,1885,35,171.16
78,1314,16,36.06
81,470,78,443.38
36,1555,11,350.36
2,152,20,489.52
99,1480,21,139.71
49,1690,90,201.52
54,1693,24,497.06
96,665,54,464.73
68,107,75,281.69
52,838,56,185.83
71,419,99,345.71
65,1055,16,462.54
65,1259,74,496.01
6,213,63,451.74
63,344,30,412.33
84,807,39,17.97
68,1884,79,137.65
67,1936,28,62.87
34,573,96,161.78
12,820,39,473.23
3,860,3,70.13
30,1561,49,24.39
62,628,67,116.89
27,1293,7,119.12
48,887,94,156.66
92,570,91,23.68
10,1606,91,135.35
5,1299,20,474.24
81,7,76,495.76
94,1367,54,271.01
89,295,41,234.27
2,485,4,413.56
84,1853,81,283.5
14,1042,27,450.62
7,16,61,13.78
27,1717,98,426.73
50,1151,66,453.51
33,1991,87,228.61
6,1963,61,51.9
91,1370,79,348.22
19,345,82,325.59
60,1806,47,289.66
94,729,64,20.53
67,1960,5,258.52
90,716,46,369.83
64,1454,82,56.65
10,838,65,221.51
87,279,18,355.83
61,1597,77,447.4
17,1542,88,6.71
40,1631,19,168.46
68,1073,2,123.91
62,1105,93,279.21
66,1564,25,344.84
1,1524,26,285.33
0,1296,11,16.71
32,1712,44,246.94
30,442,65,333.19
39,1083,49,429.53
10,557,14,135.86
19,942,61,450.19
72,575,51,121.59
88,1610,28,190.55
72,1552,79,424.33
21,1109,67,407.48
20,1938,14,396.93
17,663,1,310.31
5,1278,90,398.59
26,68,100,223.15
88,908,27,98.61
0,1632,52,158.49
84,343,69,79.42
20,323,14,285.18
22,83,78,147.2
11,1762,38,155.44
53,253,24,226.05
85,392,95,344.93
87,1392,54,152.17
54,1599,41,493.25
22,164,42,335.68
48,1120,55,333.02
25,1249,19,324.86
93,1056,89,111.5
20,1245,89,105.62
91,786,34,359.88
66,1841,50,307.05
94,1740,13,251.82
58,1256,41,181.66
66,698,24,117.51
31,1900,30,68.59
71,1090,42,419.95
30,1236,48,73.2
82,734,50,117.45
90,274,13,367.89
70,1050,85,282.02
84,1302,21,11.88
20,1452,43,178.57
7,1185,46,443.97
12,256,12,362.65
13,1079,47,372.49
53,1425,59,218.32
65,754,22,319.66
23,643,7,37.46
30,783,77,319.79
33,1523,27,475.47
19,1699,8,199.96
81,1580,68,486.97
95,1592,9,349.7
89,944,65,429.13
39,1051,32,353.47
86,1183,6,38.68
39,196,72,347.29
65,129,57,398.19
87,670,45,185.17
40,964,72,484.59
46,184,100,239.0
67,1708,11,8.42
48,225,71,270.72
74,535,14,443.89
19,1844,46,81.02
33,1110,95,115.92
34,813,11,198.53
37,999,17,431.1
24,828,23,76.71
29,1700,70,60.43
99,488,20,443.15
23,947,52,323.74
80,225,30,163.83
0,336,9,267.37
51,1613,73,173.84
5,605,65,212.03
67,711,56,409.26
46,1191,85,447.62
84,1766,38,129.06
93,1235,1,24.02
9,1330,81,19.94
33,180,33,237.17
38,1984,77,390.91
46,1009,74,22.44
92,474,33,313.45
6,1101,30,437.54
91,75,25,418.01
22,1630,8,464.41
40,194,20,472.29
45,1852,93,326.57
91,1708,21,100.58
91,1405,93,437.81
8,1225,99,251.95
40,1306,1,85.7
51,759,80,492.84
62,659,88,170.31
78,435,7,384.94
3,555,1,231.83
42,1139,61,339.27
36,1510,78,301.25
46,1335,69,112.53
97,291,99,14.84
91,1357,17,235.36
57,296,87,222.84
95,1298,98,180.38
70,1384,49,129.94
76,971,61,320.08
38,1838,85,424.12
59,25,45,183.43
97,1450,5,352.08
42,695,28,205.84
89,197,60,322.89
56,196,73,32.66
84,607,77,69.59
38,241,92,345.97
85,1825,71,291.08
17,1212,76,413.13
92,567,28,102.03
29,1169,6,223.97
2,1181,18,245.44
99,79,91,387.61
56,1482,34,363.55
53,1716,72,461.19
32,432,80,482.95
75,262,100,461.06
9,1859,100,290.3
60,1762,83,104.67
18,690,99,39.44
28,991,26,370.3
20,1210,4,78.44
63,1470,55,195.83
94,1849,65,208.18
23,767,16,240.37
21,1493,60,295.11
47,843,52,269.77
92,1376,38,327.51
4,590,35,29.54
19,1329,85,440.3
74,871,96,73.23
20,1682,57,252.21
56,1936,20,346.96
56,361,81,40.14
47,1607,94,341.62
78,1347,46,287.62
82,32,98,221.97
75,1056,43,491.48
46,260,21,437.89
44,436,21,183.97
69,970,41,451.25
34,1713,92,180.95
51,1666,71,473.71
27,333,7,166.44
49,695,21,188.37
2,390,96,470.18
39,405,78,281.65
16,827,92,270.25
3,1590,32,396.36
28,244,90,70.59
86,696,47,423.06
44,848,95,470.99
46,1739,66,198.69
8,1429,27,72.0
83,1141,11,244.08
86,128,10,453.52
81,986,87,387.35
79,1429,68,71.21
64,709,93,245.25
36,514,85,402.04
2,71,69,20.73
74,28,70,34.43
53,1287,13,260.56
70,1368,16,373.82
5,229,55,195.79
91,104,70,394.16
34,514,30,432.07
82,310,56,277.39
9,1453,73,113.0
76,605,3,40.05
75,1782,82,147.33
14,870,7,273.45
5,531,48,189.47
44,1676,13,400.52
13,1524,68,333.72
11,1471,13,257.78
88,1161,85,466.99
21,1392,67,267.49
44,532,54,41.1
94,1941,97,11.53
52,1505,12,200.72
73,841,19,391.62
45,1444,60,70.23
91,42,97,195.85
58,1747,57,118.38
11,815,54,182.8
49,227,93,214.16
53,892,56,134.48
24,1598,58,59.51
46,1294,70,280.71
59,588,94,257.64
90,1478,84,142.16
36,1391,40,99.02
2,1686,36,428.13
55,706,93,84.72
26,788,33,263.09
79,1113,85,199.74
17,181,76,403.74
41,1184,58,307.74
80,1334,15,481.02
92,720,42,475.98
93,1647,51,226.23
75,1888,48,107.37
82,1684,57,455.34
58,1065,11,358.55
6,945,56,466.24
28,1763,65,486.93
24,860,24,301.12
12,948,90,398.94
47,1363,52,392.78
24,971,77,490.69
74,1011,89,6.18
66,1112,34,67.41
22,251,99,137.59
35,1800,88,412.98
30,172,93,210.05
34,1465,78,13.91
53,1089,82,493.42
71,1621,96,37.49
47,1179,84,446.52
79,1510,33,398.8
54,1359,28,55.24
1,887,81,31.48
95,378,15,275.38
61,732,82,35.98
8,1854,94,192.56
92,1796,49,20.52
21,1062,74,188.34
23,1675,68,154.2
34,1430,5,159.75
73,1769,14,283.54
11,1513,82,419.99
97,884,28,125.68
31,486,72,32.72
45,548,91,222.62
20,1864,83,87.18
99,979,72,134.18
33,444,49,38.7
48,1539,42,384.3
98,368,98,406.47
46,460,79,219.04
97,1488,12,36.07
60,1245,27,190.41
42,1761,17,298.57
54,603,82,43.01
92,350,82,179.43
36,780,83,359.47
48,306,41,467.01
27,1861,94,262.88
51,20,40,373.15
35,535,55,321.7
71,1048,16,168.06
10,1107,37,169.87
92,1476,6,399.3
54,824,46,87.98
49,1224,49,402.42
9,1881,37,140.41
47,125,18,94.95
94,1182,59,469.6
8,719,83,131.93
97,441,57,190.35
12,1571,30,301.66
57,294,19,144.69
3,1074,87,497.73
71,1847,50,361.29
72,352,42,455.94
76,99,65,415.89
13,1862,87,382.19
53,76,76,88.92
69,982,18,377.76
29,1070,33,58.27
63,1791,34,289.52
86,1859,52,415.45
55,672,20,281.54
43,163,16,207.61
7,41,86,118.83
52,1046,84,54.76
25,1543,6,97.07
19,226,19,335.98
85,889,98,296.54
32,1934,11,156.82
98,31,77,335.22
1,740,33,416.67
41,724,49,277.83
32,888,39,250.7
94,1956,38,160.49
25,1626,90,407.82
39,862,85,458.07
83,1081,35,50.48
1,1316,50,302.16
65,1427,44,471.52
32,1748,49,486.93
64,406,37,36.75
30,775,28,33.8
71,138,87,162.76
41,1565,51,203.04
91,353,33,463.82
16,636,13,31.94
84,871,21,15.25
0,475,10,9.99
0,1010,10,9.99
0,1121,10,9.99
0,240,10,9.99
0,661,10,9.99
0,147,10,9.99
0,1970,10,9.99
0,1023,10,9.99
0,273,10,9.99
0,421,10,9.99
0,1297,10,9.99
0,1364,10,9.99
0,700,10,9.99
0,1582,10,9.99
0,305,10,9.99
0,1437,10,9.99
0,1646,10,9.99
0,708,10,9.99
0,1536,10,9.99
0,1315,10,9.99
0,1614,10,9.99
0,850,10,9.99
0,733,10,9.99
0,1512,10,9.99
0,33,10,9.99
0,161,10,9.99
0,101,10,9.99
0,781,10,9.99
0,239,10,9.99
0,1395,10,9.99
0,210,10,9.99
0,1435,10,9.99
0,176,10,9.99
0,727,10,9.99
0,859,10,9.99
0,1625,10,9.99
0,1243,10,9.99
0,1028,10,9.99
0,1605,10,9.99
0,1362,10,9.99
0,456,10,9.99
0,984,10,9.99
0,1093,10,9.99
0,1407,10,9.99
0,1829,10,9.99
0,223,10,9.99
0,1004,10,9.99
0,895,10,9.99
0,224,10,9.99
0,919,10,9.99
0,1123,10,9.99
0,1719,10,9.99
0,1125,10,9.99
0,1099,10,9.99
0,1423,10,9.99
0,1559,10,9.99
0,1080,10,9.99
0,1743,10,9.99
0,1787,10,9.99
0,143,10,9.99
0,466,10,9.99
0,697,10,9.99
0,1164,10,9.99
0,1063,10,9.99
0,1060,10,9.99
0,1390,10,9.99
0,327,10,9.99
0,682,10,9.99
0,622,10,9.99
0,1873,10,9.99
0,459,10,9.99
0,1619,10,9.99
0,1995,10,9.99
0,183,10,9.99
0,490,10,9.99
0,1414,10,9.99
0,476,10,9.99
0,1570,10,9.99
0,647,10,9.99
0,747,10,9.99
0,375,10,9.99
0,1858,10,9.99
0,854,10,9.99
0,449,10,9.99
0,1138,10,9.99
0,1532,10,9.99
0,1312,10,9.99
0,768,10,9.99
0,280,10,9.99
0,232,10,9.99
0,1736,10,9.99
0,106,10,9.99
0,1068,10,9.99
0,1972,10,9.99
0,52,10,9.99
0,82,10,9.99
0,1265,10,9.99
0,1401,10,9.99
0,685,10,9.99
0,1988,10,9.99
0,1458,10,9.99
0,1413,10,9.99
0,968,10,9.99
0,1755,10,9.99
0,57,10,9.99
0,1495,10,9.99
0,798,10,9.99
0,1933,10,9.99
0,157,10,9.99
0,1180,10,9.99
0,1958,10,9.99
0,145,10,9.99
0,623,10,9.99
0,1082,10,9.99
0,1411,10,9.99
0,782,10,9.99
0,1459,10,9.99
0,1930,10,9.99
0,1886,10,9.99
0,516,10,9.99
0,686,10,9.99
0,1128,10,9.99
0,556,10,9.99
0,710,10,9.99
0,1351,10,9.99
0,545,10,9.99
0,1694,10,9.99
0,1244,10,9.99
0,1455,10,9.99
0,1258,10,9.99
0,1280,10,9.99
0,934,10,9.99
0,1595,10,9.99
0,121,10,9.99
0,237,10,9.99
0,1281,10,9.99
0,34,10,9.99
0,252,10,9.99
0,318,10,9.99
0,1957,10,9.99
0,204,10,9.99
0,1926,10,9.99
0,940,10,9.99
0,625,10,9.99
0,1022,10,9.99
0,1842,10,9.99
0,1688,10,9.99
0,1795,10,9.99
0,922,10,9.99
0,778,10,9.99
0,366,10,9.99
0,1529,10,9.99
0,1196,10,9.99
0,276,10,9.99
0,1868,10,9.99
0,939,10,9.99
0,62,10,9.99
0,1541,10,9.99
0,1276,10,9.99
0,321,10,9.99
0,597,10,9.99
0,173,10,9.99
0,238,10,9.99
0,1756,10,9.99
0,1467,10,9.99
0,909,10,9.99
0,117,10,9.99
0,1324,10,9.99
0,1728,10,9.99
0,1327,10,9.99
0,1494,10,9.99
0,259,10,9.99
0,507,10,9.99
0,1855,10,9.99
0,751,10,9.99
0,1155,10,9.99
0,1338,10,9.99
0,154,10,9.99
0,288,10,9.99
0,312,10,9.99
0,1372,10,9.99
0,307,10,9.99
0,1913,10,9.99
0,1375,10,9.99
0,1289,10,9.99
0,975,10,9.99
0,1508,10,9.99
0,534,10,9.99
0,1945,10,9.99
0,591,10,9.99
0,1612,10,9.99
0,1895,10,9.99
0,1202,10,9.99
0,1724,10,9.99
0,191,10,9.99
0,523,10,9.99
0,433,10,9.99
0,404,10,9.99
0,427,10,9.99
0,961,10,9.99
0,1677,10,9.99
0,1320,10,9.99
0,1705,10,9.99
0,1760,10,9.99
0,1655,10,9.99
0,1664,10,9.99
0,124,10,9.99
0,1623,10,9.99
0,1752,10,9.99
0,750,10,9.99
0,654,10,9.99
0,1321,10,9.99
0,1869,10,9.99
0,923,10,9.99
0,96,10,9.99
0,479,10,9.99
0,955,10,9.99
0,1305,10,9.99
0,1892,10,9.99
0,1932,10,9.99
0,133,10,9.99
0,443,10,9.99
0,452,10,9.99
0,401,10,9.99
0,1722,10,9.99
0,1537,10,9.99
0,1142,10,9.99
0,1097,10,9.99
0,457,10,9.99
0,372,10,9.99
0,174,10,9.99
0,277,10,9.99
0,175,10,9.99
0,1432,10,9.99
0,330,10,9.99
0,826,10,9.99
0,619,10,9.99
0,996,10,9.99
0,1518,10,9.99
0,593,10,9.99
0,592,10,9.99
0,257,10,9.99
0,1577,10,9.99
0,825,10,9.99
0,146,10,9.99
0,1833,10,9.99
0,1442,10,9.99
0,1982,10,9.99
0,268,10,9.99
0,1715,10,9.99
0,1398,10,9.99
0,758,10,9.99
0,1924,10,9.99
0,283,10,9.99
0,1771,10,9.99
0,1215,10,9.99
0,1822,10,9.99
0,879,10,9.99
0,271,10,9.99
0,936,10,9.99
0,1789,10,9.99
0,1149,10,9.99
0,55,10,9.99
0,1673,10,9.99
0,617,10,9.99
0,355,10,9.99
0,978,10,9.99
0,1133,10,9.99
0,1764,10,9.99
0,658,10,9.99
0,1772,10,9.99
0,1353,10,9.99
0,1520,10,9.99
0,373,10,9.99
0,569,10,9.99
0,367,10,9.99
0,995,10,9.99
0,1188,10,9.99
0,1997,10,9.99
0,1550,10,9.99
0,1402,10,9.99
0,1021,10,9.99
0,1774,10,9.99
0,103,10,9.99
0,1275,10,9.99
0,1500,10,9.99
0,520,10,9.99
0,586,10,9.99
0,1948,10,9.99
0,785,10,9.99
0,563,10,9.99
0,524,10,9.99
0,1350,10,9.99
0,1325,10,9.99
0,1978,10,9.99
0,562,10,9.99
0,1456,10,9.99
0,985,10,9.99
0,1750,10,9.99
0,1808,10,9.99
0,1935,10,9.99
0,325,10,9.99
0,1816,10,9.99
0,1047,10,9.99
0,1211,10,9.99
0,1642,10,9.99
0,1522,10,9.99
0,616,10,9.99
0,49,10,9.99
0,144,10,9.99
0,1928,10,9.99
0,1167,10,9.99
0,937,10,9.99
0,678,10,9.99
0,1768,10,9.99
0,92,10,9.99
0,881,10,9.99
0,1943,10,9.99
0,925,10,9.99
0,599,10,9.99
0,1911,10,9.99
0,195,10,9.99
0,1268,10,9.99
0,1174,10,9.99
0,1528,10,9.99
0,93,10,9.99
0,98,10,9.99
0,88,10,9.99
0,1906,10,9.99
0,1415,10,9.99
0,440,10,9.99
0,527,10,9.99
0,960,10,9.99
0,746,10,9.99
0,525,10,9.99
0,313,10,9.99
0,1485,10,9.99
0,403,10,9.99
0,1696,10,9.99
0,1251,10,9.99
0,1410,10,9.99
0,1111,10,9.99
0,187,10,9.99
0,589,10,9.99
0,608,10,9.99
0,583,10,9.99
0,793,10,9.99
0,1581,10,9.99
0,484,10,9.99
0,1517,10,9.99
0,1870,10,9.99
0,1248,10,9.99
0,491,10,9.99
0,752,10,9.99
0,878,10,9.99
0,519,10,9.99
0,1213,10,9.99
0,409,10,9.99
0,539,10,9.99
0,718,10,9.99
0,270,10,9.99
0,1876,10,9.99
0,1388,10,9.99
0,730,10,9.99
0,1499,10,9.99
0,1222,10,9.99
0,489,10,9.99
0,1378,10,9.99
0,1205,10,9.99
0,639,10,9.99
0,853,10,9.99
0,1952,10,9.99
0,1190,10,9.99
0,679,10,9.99
0,1533,10,9.99
0,544,10,9.99
0,1680,10,9.99
0,784,10,9.99
0,1653,10,9.99
0,640,10,9.99
0,1802,10,9.99
0,509,10,9.99
0,246,10,9.99
0,900,10,9.99
0,692,10,9.99
0,610,10,9.99
0,1260,10,9.99
0,480,10,9.99
0,657,10,9.99
0,359,10,9.99
0,1551,10,9.99
0,680,10,9.99
0,1027,10,9.99
0,314,10,9.99
0,712,10,9.99
0,1064,10,9.99
0,342,10,9.99
0,1197,10,9.99
0,1738,10,9.99
0,1460,10,9.99
0,1124,10,9.99
0,413,10,9.99
0,865,10,9.99
0,293,10,9.99
0,723,10,9.99
0,667,10,9.99
0,1214,10,9.99
0,963,10,9.99
0,73,10,9.99
0,794,10,9.99
0,822,10,9.99
0,178,10,9.99
0,864,10,9.99
0,1226,10,9.99
0,1170,10,9.99
0,906,10,9.99
0,1443,10,9.99
0,1285,10,9.99
0,1078,10,9.99
0,1271,10,9.99
0,1412,10,9.99
0,1765,10,9.99
0,81,10,9.99
0,868,10,9.99
0,1697,10,9.99
0,1098,10,9.99
0,219,10,9.99
0,1968,10,9.99
0,910,10,9.99
0,818,10,9.99
0,348,10,9.99
0,552,10,9.99
0,1383,10,9.99
0,691,10,9.99
0,571,10,9.99
0,1387,10,9.99
